Year,Species,Easting,Northing,Age,Sex,Tnights
1,Leghold,1681905.4753,5664361.3827,NA,NA,56
1,Leghold,1682618.3531,5663826.2245,NA,NA,56
1,Leghold,1683399.2918,5663431.8362,NA,NA,56
1,Leghold,1683559.2983,5664824.2906,NA,NA,56
1,Leghold,1684210.7545,5665540.4921,NA,NA,56
1,Leghold,1683810.5027,5662642.3127,NA,NA,56
1,Leghold,1684571.3081,5662853.6903,NA,NA,56
1,Leghold,1683374.9923,5667982.9538,NA,NA,56
1,Leghold,1683473.5749,5667094.3702,NA,NA,56
1,Leghold,1682833.733,5667222.2054,NA,NA,56
1,Leghold,1683169.8535,5667889.2895,NA,NA,56
1,Leghold,1683765.2557,5664218.3519,NA,NA,56
1,Leghold,1681049.0449,5666466.6072,NA,NA,56
1,Leghold,1681663.0543,5665581.4062,NA,NA,56
1,Leghold,1682533.4246,5665508.8576,NA,NA,56
1,Leghold,1681601.0887,5666335.0667,NA,NA,56
1,Leghold,1683021.5077,5662062.8807,NA,NA,56
1,Leghold,1682299.9159,5662345.1684,NA,NA,56
1,Leghold,1682907.991,5662803.4955,NA,NA,56
1,Leghold,1684569.9314,5664384.5684,NA,NA,56
1,Leghold,1684658.9148,5663820.0801,NA,NA,56
1,Leghold,1684004.7846,5665267.856,NA,NA,56
1,Leghold,1684015.8841,5666181.577,NA,NA,56
1,Leghold,1684414.9975,5666911.4252,NA,NA,56
1,Leghold,1682984.1624,5665521.9422,NA,NA,56
1,Leghold,1682891.4353,5666427.0206,NA,NA,56
1,Leghold,1683076.5754,5665450.4343,NA,NA,56
1,Leghold,1681238.9653,5663064.1399,NA,NA,56
1,Leghold,1684283.9324,5664258.1104,NA,NA,56
1,Leghold,1683530.7827,5666157.2272,NA,NA,56
1,Leghold,1682300.0033,5664894.0302,NA,NA,56
1,Leghold,1682353.9525,5665898.0753,NA,NA,56
1,Leghold,1681690.4031,5663632.2123,NA,NA,56
1,Leghold,1684235.2801,5665756.6284,NA,NA,56
1,Leghold,1684536.6312,5665097.1874,NA,NA,56
1,Leghold,1684782.6023,5662640.2393,NA,NA,56
1,Leghold,1681971.0363,5662988.0179,NA,NA,56
1,Leghold,1681981.1856,5663842.6347,NA,NA,56
1,Leghold,1683670.9702,5662289.9969,NA,NA,56
1,Leghold,1685500.5303,5663400.8427,NA,NA,56
1,Leghold,1684815.2201,5663680.5227,NA,NA,56
1,Leghold,1683774.4206,5664803.1684,NA,NA,56
1,Leghold,1684637.8939,5666228.0716,NA,NA,56
1,Leghold,1684437.9872,5662314.605,NA,NA,56
1,Leghold,1685148.4614,5662769.6618,NA,NA,56
1,Leghold,1684044.7966,5663563.6002,NA,NA,56
1,Camera,1684035.8664,5662387.1283,NA,NA,56
1,Camera,1683572.3741,5663094.3101,NA,NA,56
1,Camera,1681389.9986,5662929.9946,NA,NA,56
1,Camera,1681805.0007,5662825.0037,NA,NA,56
1,Camera,1680949.9984,5663449.9997,NA,NA,56
1,Camera,1684497.5467,5663330.6162,NA,NA,56
1,Camera,1681666.7078,5663647.4795,NA,NA,56
1,Camera,1682503.2358,5663258.1303,NA,NA,56
1,Camera,1683069.8866,5663356.819,NA,NA,56
1,Camera,1684039.9961,5663569.9958,NA,NA,56
1,Camera,1684509.5098,5664428.2883,NA,NA,56
1,Camera,1681315.9872,5666660.6186,NA,NA,56
1,Camera,1682145.0006,5667019.9993,NA,NA,56
1,Camera,1683509.9964,5662204.999,NA,NA,56
1,Camera,1682983.0933,5662040.7912,NA,NA,56
1,Camera,1685091.286,5663365.3543,NA,NA,56
1,Camera,1683222.51,5664553.0563,NA,NA,56
1,Camera,1684550.9491,5663968.3806,NA,NA,56
1,Camera,1684715.2413,5665191.9907,NA,NA,56
1,Camera,1683964.8071,5664462.8774,NA,NA,56
1,Camera,1685698.105,5665492.5621,NA,NA,56
1,Camera,1685279.999,5665084.9946,NA,NA,56
1,Camera,1684345.3822,5665762.203,NA,NA,56
1,Camera,1682451.6556,5665843.1152,NA,NA,56
1,Camera,1685584.1091,5666175.8903,NA,NA,56
1,Camera,1682955.8883,5666912.8062,NA,NA,56
1,Camera,1685024.9978,5665800.0017,NA,NA,56
1,Camera,1683898.4491,5664980.9662,NA,NA,56
1,Camera,1683545.7149,5666441.2251,NA,NA,56
1,Camera,1683287,5665816.8434,NA,NA,56
1,Camera,1684969.9962,5666679.9963,NA,NA,56
1,Camera,1683120.7069,5667717.6446,NA,NA,56
1,Camera,1682631.7085,5667624.1464,NA,NA,56
1,Camera,1682954.8125,5662711.3181,NA,NA,56
1,Camera,1685156.8541,5662777.4409,NA,NA,56
1,Camera,1684100.0024,5662884.9956,NA,NA,56
1,Camera,1682709.9997,5663988.03,NA,NA,56
1,Camera,1685684.9969,5664475.0007,NA,NA,56
1,Camera,1683620.759,5663930.3435,NA,NA,56
1,Camera,1685184.9986,5664495.0024,NA,NA,56
1,Camera,1681757.8137,5665616.7444,NA,NA,56
1,Camera,1682420.0032,5664529.9968,NA,NA,56
1,Camera,1684674.7442,5666294.1024,NA,NA,56
1,Camera,1681708.1488,5666129.9758,NA,NA,56
1,Camera,1681091.1154,5665793.4428,NA,NA,56
1,Camera,1682830.484,5666121.0623,NA,NA,56
1,Camera,1684018.5743,5666465.7128,NA,NA,56
1,Camera,1684345.6694,5667000.5711,NA,NA,56
1,Camera,1683636.0027,5667182.0027,NA,NA,56
1,Camera,1682407.7355,5662515.2166,NA,NA,56
1,Camera,1685542.6355,5663292.3335,NA,NA,56
1,Camera,1684700.6627,5662621.8016,NA,NA,56
1,Camera,1682069.1689,5664091.4208,NA,NA,56
1,Camera,1685230.001,5663890.0019,NA,NA,56
1,Camera,1683334.1342,5665040.9058,NA,NA,56
1,Camera,1682069.9989,5665080.0044,NA,NA,56
1,Camera,1682702.8992,5665152.5757,NA,NA,56
1,Camera,1682130.1463,5666500.3422,NA,NA,56
1,Camera,1682598.1873,5666728.8397,NA,NA,56
1,Camera,1683866.3528,5665719.8035,NA,NA,56
1,CHEWDETECT,1684252.024,5662186.8697,NA,NA,56
1,CHEWDETECT,1684335.1191,5662241.6347,NA,NA,56
1,CHEWDETECT,1684417.2751,5662298.9681,NA,NA,56
1,CHEWDETECT,1684486.7696,5662355.0521,NA,NA,56
1,CHEWDETECT,1683717.1199,5662308.7393,NA,NA,56
1,CHEWDETECT,1683788.4283,5662250.785,NA,NA,56
1,CHEWDETECT,1683882.4943,5662218.1272,NA,NA,56
1,CHEWDETECT,1683465.7965,5662389.2443,NA,NA,56
1,CHEWDETECT,1682645.9955,5662159.8026,NA,NA,56
1,CHEWDETECT,1682553.3033,5662191.6751,NA,NA,56
1,CHEWDETECT,1682461.0832,5662200.3739,NA,NA,56
1,CHEWDETECT,1682372.3227,5662229.4219,NA,NA,56
1,CHEWDETECT,1682323.4596,5662314.3154,NA,NA,56
1,CHEWDETECT,1684637.744,5662567.5989,NA,NA,56
1,CHEWDETECT,1683661.6217,5662865.5287,NA,NA,56
1,CHEWDETECT,1682526.6073,5662716.603,NA,NA,56
1,CHEWDETECT,1682588.2777,5662793.2743,NA,NA,56
1,CHEWDETECT,1685313.7064,5662822.0747,NA,NA,56
1,CHEWDETECT,1685337.116,5662908.3033,NA,NA,56
1,CHEWDETECT,1681620.8557,5662555.4847,NA,NA,56
1,CHEWDETECT,1682682.4746,5662834.5424,NA,NA,56
1,CHEWDETECT,1682771.6098,5662802.6078,NA,NA,56
1,CHEWDETECT,1683617.7065,5662955.8273,NA,NA,56
1,CHEWDETECT,1683603.5464,5662834.7763,NA,NA,56
1,CHEWDETECT,1683510.3713,5662870.0002,NA,NA,56
1,CHEWDETECT,1681373.9757,5662974.106,NA,NA,56
1,CHEWDETECT,1681424.6515,5662890.349,NA,NA,56
1,CHEWDETECT,1681244.9873,5663047.5384,NA,NA,56
1,CHEWDETECT,1681229.9976,5663145.346,NA,NA,56
1,CHEWDETECT,1684351.812,5663224.8644,NA,NA,56
1,CHEWDETECT,1684017.2158,5662196.1333,NA,NA,56
1,CHEWDETECT,1684239.1101,5662153.023,NA,NA,56
1,CHEWDETECT,1684121.3604,5662322.7193,NA,NA,56
1,CHEWDETECT,1684182.6224,5662400.2395,NA,NA,56
1,CHEWDETECT,1684225.0028,5662490.2345,NA,NA,56
1,CHEWDETECT,1683226.2585,5662190.4524,NA,NA,56
1,CHEWDETECT,1683152.4355,5662119.3285,NA,NA,56
1,CHEWDETECT,1683069.3264,5662069.9996,NA,NA,56
1,CHEWDETECT,1682991.135,5662041.866,NA,NA,56
1,CHEWDETECT,1684555.5967,5662359.4002,NA,NA,56
1,CHEWDETECT,1682228.5311,5662502.133,NA,NA,56
1,CHEWDETECT,1682153.4741,5662540.9705,NA,NA,56
1,CHEWDETECT,1682093.9124,5662607.5058,NA,NA,56
1,CHEWDETECT,1683810.6234,5662503.1236,NA,NA,56
1,CHEWDETECT,1684699.1996,5662776.975,NA,NA,56
1,CHEWDETECT,1682500.8553,5662589.9984,NA,NA,56
1,CHEWDETECT,1684800.9202,5662650.8923,NA,NA,56
1,CHEWDETECT,1684888.6075,5662696.6967,NA,NA,56
1,CHEWDETECT,1684980.4515,5662730.7531,NA,NA,56
1,CHEWDETECT,1681745.8492,5662775.8484,NA,NA,56
1,CHEWDETECT,1681815.3912,5662845.3938,NA,NA,56
1,CHEWDETECT,1681873.4452,5662921.7188,NA,NA,56
1,CHEWDETECT,1681445.8996,5662756.0629,NA,NA,56
1,CHEWDETECT,1683087.2464,5662541.0205,NA,NA,56
1,CHEWDETECT,1683175.0357,5662494.7072,NA,NA,56
1,CHEWDETECT,1683246.377,5662440.8257,NA,NA,56
1,CHEWDETECT,1683334.1747,5662382.7706,NA,NA,56
1,CHEWDETECT,1683402.3496,5662364.1785,NA,NA,56
1,CHEWDETECT,1681872.4893,5662982.5061,NA,NA,56
1,CHEWDETECT,1685235.3729,5663019.2597,NA,NA,56
1,CHEWDETECT,1685167.1144,5663073.2235,NA,NA,56
1,CHEWDETECT,1685404.2878,5662990.9591,NA,NA,56
1,CHEWDETECT,1685465.376,5663065.7349,NA,NA,56
1,CHEWDETECT,1685499.3312,5663402.0624,NA,NA,56
1,CHEWDETECT,1683580.6702,5663074.076,NA,NA,56
1,CHEWDETECT,1683554.1422,5663169.4136,NA,NA,56
1,CHEWDETECT,1683538.3578,5663267.8269,NA,NA,56
1,CHEWDETECT,1683498.5486,5663346.7551,NA,NA,56
1,CHEWDETECT,1684104.7814,5662911.1829,NA,NA,56
1,CHEWDETECT,1684517.245,5663005.5106,NA,NA,56
1,CHEWDETECT,1684556.9843,5662904.8045,NA,NA,56
1,CHEWDETECT,1684584.8925,5662822.0067,NA,NA,56
1,CHEWDETECT,1684645.5279,5662797.3821,NA,NA,56
1,CHEWDETECT,1682029.9989,5663244.9015,NA,NA,56
1,CHEWDETECT,1682073.367,5663330.8404,NA,NA,56
1,CHEWDETECT,1682037.9643,5663411.9312,NA,NA,56
1,CHEWDETECT,1681969.5583,5663478.0537,NA,NA,56
1,CHEWDETECT,1682094.6108,5663645.3822,NA,NA,56
1,CHEWDETECT,1682066.856,5663737.5904,NA,NA,56
1,CHEWDETECT,1682013.3236,5663813.187,NA,NA,56
1,CHEWDETECT,1681970.0028,5663901.867,NA,NA,56
1,CHEWDETECT,1681165.856,5663530.6085,NA,NA,56
1,CHEWDETECT,1681087.1143,5663497.11,NA,NA,56
1,CHEWDETECT,1680997.7573,5663456.3751,NA,NA,56
1,CHEWDETECT,1680900.9271,5663459.7993,NA,NA,56
1,CHEWDETECT,1682310.1825,5663367.2291,NA,NA,56
1,CHEWDETECT,1682217.5755,5663344.8836,NA,NA,56
1,CHEWDETECT,1684402.4108,5663140.1294,NA,NA,56
1,CHEWDETECT,1684448.7934,5663072.6035,NA,NA,56
1,CHEWDETECT,1684315.9157,5663311.7304,NA,NA,56
1,CHEWDETECT,1681566.0299,5663706.9638,NA,NA,56
1,CHEWDETECT,1681462.4323,5663698.7928,NA,NA,56
1,CHEWDETECT,1681445.0039,5663641.3085,NA,NA,56
1,CHEWDETECT,1681419.5706,5663548.2878,NA,NA,56
1,CHEWDETECT,1680831.7382,5663199.9537,NA,NA,56
1,CHEWDETECT,1680896.8836,5663144.0594,NA,NA,56
1,CHEWDETECT,1680969.0889,5663095.9075,NA,NA,56
1,CHEWDETECT,1681049.2319,5663049.9969,NA,NA,56
1,CHEWDETECT,1682988.0736,5663335.0071,NA,NA,56
1,CHEWDETECT,1682891.3391,5663334.3662,NA,NA,56
1,CHEWDETECT,1682794.0752,5663338.0559,NA,NA,56
1,CHEWDETECT,1682715.9416,5663333.3326,NA,NA,56
1,CHEWDETECT,1685214.3612,5663568.2343,NA,NA,56
1,CHEWDETECT,1682121.0218,5663344.3621,NA,NA,56
1,CHEWDETECT,1683326.0107,5663408.346,NA,NA,56
1,CHEWDETECT,1685122.8456,5663355.1611,NA,NA,56
1,CHEWDETECT,1685043.713,5663407.8578,NA,NA,56
1,CHEWDETECT,1685561.5865,5663538.6909,NA,NA,56
1,CHEWDETECT,1685543.7405,5663675.3397,NA,NA,56
1,CHEWDETECT,1683852.263,5663510,NA,NA,56
1,CHEWDETECT,1683939.2733,5663554.2701,NA,NA,56
1,CHEWDETECT,1684023.8198,5663550.6678,NA,NA,56
1,CHEWDETECT,1684107.9698,5663523.7175,NA,NA,56
1,CHEWDETECT,1684192.0364,5663510.4705,NA,NA,56
1,CHEWDETECT,1684814.3586,5663578.7218,NA,NA,56
1,CHEWDETECT,1684778.3515,5663670.6913,NA,NA,56
1,CHEWDETECT,1685561.6669,5663762.3602,NA,NA,56
1,CHEWDETECT,1685544.9312,5663830.0854,NA,NA,56
1,CHEWDETECT,1682839.862,5663766.405,NA,NA,56
1,CHEWDETECT,1685309.491,5663578.7033,NA,NA,56
1,CHEWDETECT,1685403.9242,5663576.3082,NA,NA,56
1,CHEWDETECT,1685495.2769,5663611.7451,NA,NA,56
1,CHEWDETECT,1683593.7748,5663609.6257,NA,NA,56
1,CHEWDETECT,1683607.2068,5663706.9013,NA,NA,56
1,CHEWDETECT,1683665.4552,5663788.0446,NA,NA,56
1,CHEWDETECT,1683667.0758,5663882.6906,NA,NA,56
1,CHEWDETECT,1684549.7177,5664007.2581,NA,NA,56
1,CHEWDETECT,1684512.8593,5664096.8175,NA,NA,56
1,CHEWDETECT,1684529.2702,5664188.8553,NA,NA,56
1,CHEWDETECT,1684462.1787,5664238.4542,NA,NA,56
1,CHEWDETECT,1682684.1953,5663875.1683,NA,NA,56
1,CHEWDETECT,1682710.0004,5663969.9655,NA,NA,56
1,CHEWDETECT,1682710.8509,5664067.8052,NA,NA,56
1,CHEWDETECT,1682275.6907,5663641.3833,NA,NA,56
1,CHEWDETECT,1682327.918,5663856.2947,NA,NA,56
1,CHEWDETECT,1682919.6147,5663708.9082,NA,NA,56
1,CHEWDETECT,1682964.6685,5663620.7544,NA,NA,56
1,CHEWDETECT,1683028.1067,5663561.5686,NA,NA,56
1,CHEWDETECT,1684878.2893,5664041.107,NA,NA,56
1,CHEWDETECT,1684920.8621,5664127.0878,NA,NA,56
1,CHEWDETECT,1684897.0737,5664215.2704,NA,NA,56
1,CHEWDETECT,1685514.5616,5663984.3536,NA,NA,56
1,CHEWDETECT,1683379.1168,5664034.8569,NA,NA,56
1,CHEWDETECT,1682097.9596,5664048.2362,NA,NA,56
1,CHEWDETECT,1682149.0801,5663990.8518,NA,NA,56
1,CHEWDETECT,1682218.5932,5663922.825,NA,NA,56
1,CHEWDETECT,1683006.312,5664379.9966,NA,NA,56
1,CHEWDETECT,1683103.49,5664396.7434,NA,NA,56
1,CHEWDETECT,1683179.318,5664459.4869,NA,NA,56
1,CHEWDETECT,1683228.157,5664546.3202,NA,NA,56
1,CHEWDETECT,1684270.6672,5664188.667,NA,NA,56
1,CHEWDETECT,1682414.2672,5663809.3247,NA,NA,56
1,CHEWDETECT,1682510.8714,5663818.51,NA,NA,56
1,CHEWDETECT,1685418.8464,5663904.4208,NA,NA,56
1,CHEWDETECT,1685228.6195,5663969.3628,NA,NA,56
1,CHEWDETECT,1684824.3956,5663930.6029,NA,NA,56
1,CHEWDETECT,1684733.2612,5663946.5325,NA,NA,56
1,CHEWDETECT,1685684.9998,5664451.509,NA,NA,56
1,CHEWDETECT,1685667.8082,5664549.3862,NA,NA,56
1,CHEWDETECT,1682811.1839,5664079.1054,NA,NA,56
1,CHEWDETECT,1682905.6946,5664061.4219,NA,NA,56
1,CHEWDETECT,1684843.7458,5664281.9524,NA,NA,56
1,CHEWDETECT,1684754.4133,5664316.5199,NA,NA,56
1,CHEWDETECT,1683771.7124,5664240.1145,NA,NA,56
1,CHEWDETECT,1683743.3806,5664144.9314,NA,NA,56
1,CHEWDETECT,1683677.8102,5664070.3436,NA,NA,56
1,CHEWDETECT,1682357.0337,5664529.9986,NA,NA,56
1,CHEWDETECT,1684282.7122,5664100.2952,NA,NA,56
1,CHEWDETECT,1684176.6747,5664265.9292,NA,NA,56
1,CHEWDETECT,1684585.0286,5664582.3109,NA,NA,56
1,CHEWDETECT,1684629.2701,5664666.3643,NA,NA,56
1,CHEWDETECT,1683958.2753,5664429.7201,NA,NA,56
1,CHEWDETECT,1682014.0565,5664554.9988,NA,NA,56
1,CHEWDETECT,1681980.9234,5664513.1366,NA,NA,56
1,CHEWDETECT,1681919.0545,5664415.9286,NA,NA,56
1,CHEWDETECT,1681933.0545,5664342.4483,NA,NA,56
1,CHEWDETECT,1682004.4353,5664273.8144,NA,NA,56
1,CHEWDETECT,1685563.855,5664569.9984,NA,NA,56
1,CHEWDETECT,1685467.3128,5664589.9999,NA,NA,56
1,CHEWDETECT,1685369.8303,5664598.7039,NA,NA,56
1,CHEWDETECT,1683808.0055,5664746.1167,NA,NA,56
1,CHEWDETECT,1684764.6537,5664704.9137,NA,NA,56
1,CHEWDETECT,1684842.0527,5664725.2185,NA,NA,56
1,CHEWDETECT,1684933.544,5664795.416,NA,NA,56
1,CHEWDETECT,1685024.0997,5664834.7689,NA,NA,56
1,CHEWDETECT,1685110.5887,5664884.193,NA,NA,56
1,CHEWDETECT,1684688.329,5664717.7852,NA,NA,56
1,CHEWDETECT,1684640.5138,5664797.5513,NA,NA,56
1,CHEWDETECT,1684538.952,5664835.6064,NA,NA,56
1,CHEWDETECT,1683434.3397,5664897.6265,NA,NA,56
1,CHEWDETECT,1683361.272,5664963.3987,NA,NA,56
1,CHEWDETECT,1684113.8193,5665104.9656,NA,NA,56
1,CHEWDETECT,1684207.3068,5665080.0034,NA,NA,56
1,CHEWDETECT,1684164.4238,5665146.8934,NA,NA,56
1,CHEWDETECT,1684202.1649,5665232.3676,NA,NA,56
1,CHEWDETECT,1682349.146,5664653.4145,NA,NA,56
1,CHEWDETECT,1682340.8834,5664554.4225,NA,NA,56
1,CHEWDETECT,1684831.8515,5665122.5825,NA,NA,56
1,CHEWDETECT,1684867.4365,5665046.1849,NA,NA,56
1,CHEWDETECT,1684875.9742,5665264.9976,NA,NA,56
1,CHEWDETECT,1683006.7063,5665453.0001,NA,NA,56
1,CHEWDETECT,1682968.723,5665538.1733,NA,NA,56
1,CHEWDETECT,1681927.1715,5665564.9305,NA,NA,56
1,CHEWDETECT,1681603.592,5665583.7211,NA,NA,56
1,CHEWDETECT,1681512.7367,5665571.131,NA,NA,56
1,CHEWDETECT,1681427.0365,5665620.744,NA,NA,56
1,CHEWDETECT,1682762.6971,5665714.4519,NA,NA,56
1,CHEWDETECT,1682654.7944,5665781.6147,NA,NA,56
1,CHEWDETECT,1685533.9691,5665713.4773,NA,NA,56
1,CHEWDETECT,1685427.7451,5665633.7194,NA,NA,56
1,CHEWDETECT,1682962.5171,5666106.5875,NA,NA,56
1,CHEWDETECT,1682948.2562,5666199.5772,NA,NA,56
1,CHEWDETECT,1682923.2127,5666289.4592,NA,NA,56
1,CHEWDETECT,1682899.2598,5666396.0675,NA,NA,56
1,CHEWDETECT,1681257.6725,5666351.3249,NA,NA,56
1,CHEWDETECT,1682453.1233,5664513.4344,NA,NA,56
1,CHEWDETECT,1682550.3405,5664491.0215,NA,NA,56
1,CHEWDETECT,1682618.0462,5664430.1337,NA,NA,56
1,CHEWDETECT,1684944.4701,5664384.5959,NA,NA,56
1,CHEWDETECT,1684880.0028,5664318.5204,NA,NA,56
1,CHEWDETECT,1685648.0345,5664982.5806,NA,NA,56
1,CHEWDETECT,1685664.997,5665080.0111,NA,NA,56
1,CHEWDETECT,1685695.0013,5665167.1944,NA,NA,56
1,CHEWDETECT,1685689.9996,5665266.6998,NA,NA,56
1,CHEWDETECT,1684110.2378,5664591.99,NA,NA,56
1,CHEWDETECT,1684202.0328,5664609.2595,NA,NA,56
1,CHEWDETECT,1684285.7409,5664661.2362,NA,NA,56
1,CHEWDETECT,1684370.3627,5664695.0019,NA,NA,56
1,CHEWDETECT,1685419.5863,5665259.5796,NA,NA,56
1,CHEWDETECT,1685500.9958,5665315.9947,NA,NA,56
1,CHEWDETECT,1685575.4907,5665377.8659,NA,NA,56
1,CHEWDETECT,1681159.2152,5666365.9691,NA,NA,56
1,CHEWDETECT,1681062.5451,5666391.4693,NA,NA,56
1,CHEWDETECT,1684854.39,5666109.3706,NA,NA,56
1,CHEWDETECT,1681601.0305,5666334.8339,NA,NA,56
1,CHEWDETECT,1685384.8708,5666295.9517,NA,NA,56
1,CHEWDETECT,1685323.0168,5666380.9815,NA,NA,56
1,CHEWDETECT,1685246.814,5666417.389,NA,NA,56
1,CHEWDETECT,1681855.0638,5666900.5257,NA,NA,56
1,CHEWDETECT,1681971.241,5666842.5162,NA,NA,56
1,CHEWDETECT,1682017.7386,5666754.518,NA,NA,56
1,CHEWDETECT,1682035.6349,5666656.8419,NA,NA,56
1,CHEWDETECT,1684915.4148,5666929.7243,NA,NA,56
1,CHEWDETECT,1684740.0006,5667116.8986,NA,NA,56
1,CHEWDETECT,1684759.5821,5667185.7712,NA,NA,56
1,CHEWDETECT,1684763.1262,5667293.9821,NA,NA,56
1,CHEWDETECT,1683351.3224,5666706.9267,NA,NA,56
1,CHEWDETECT,1683299.9673,5666609.9379,NA,NA,56
1,CHEWDETECT,1683811.1238,5667112.4482,NA,NA,56
1,CHEWDETECT,1683919.9797,5667087.3734,NA,NA,56
1,CHEWDETECT,1683352.7301,5665913.0566,NA,NA,56
1,CHEWDETECT,1683468.175,5667140.9107,NA,NA,56
1,CHEWDETECT,1683549.2758,5667189.7103,NA,NA,56
1,CHEWDETECT,1683648.1586,5667184.6005,NA,NA,56
1,CHEWDETECT,1682612.9814,5667654.0319,NA,NA,56
1,CHEWDETECT,1682565.2505,5667727.7131,NA,NA,56
1,CHEWDETECT,1682468.9614,5667797.5536,NA,NA,56
1,CHEWDETECT,1682867.1951,5667545.2582,NA,NA,56
1,CHEWDETECT,1682861.0575,5667910.5326,NA,NA,56
1,CHEWDETECT,1682953.6239,5667903.1907,NA,NA,56
1,CHEWDETECT,1683053.9032,5667887.4144,NA,NA,56
1,CHEWDETECT,1683142.5658,5667928.1387,NA,NA,56
1,CHEWDETECT,1683097.9717,5665478.3796,NA,NA,56
1,CHEWDETECT,1684234.8718,5665994.376,NA,NA,56
1,CHEWDETECT,1684447.6871,5665946.9444,NA,NA,56
1,CHEWDETECT,1684016.5338,5666368.199,NA,NA,56
1,CHEWDETECT,1684027.8904,5666268.879,NA,NA,56
1,CHEWDETECT,1684012.53,5666170.6339,NA,NA,56
1,CHEWDETECT,1683974.8997,5666078.0499,NA,NA,56
1,CHEWDETECT,1684107.7227,5666489.0572,NA,NA,56
1,CHEWDETECT,1684184.7712,5666537.8414,NA,NA,56
1,CHEWDETECT,1682895.4722,5666480.3869,NA,NA,56
1,CHEWDETECT,1682965.4492,5666539.3879,NA,NA,56
1,CHEWDETECT,1682991.9458,5666633.5594,NA,NA,56
1,CHEWDETECT,1682972.8018,5666727.8243,NA,NA,56
1,CHEWDETECT,1682369.6899,5666850.1563,NA,NA,56
1,CHEWDETECT,1682299.9997,5666910.0066,NA,NA,56
1,CHEWDETECT,1682241.9072,5666984.8167,NA,NA,56
1,CHEWDETECT,1682198.8549,5667054.4232,NA,NA,56
1,CHEWDETECT,1685637.8667,5665455.4889,NA,NA,56
1,CHEWDETECT,1683628.5816,5664812.6918,NA,NA,56
1,CHEWDETECT,1683553.3009,5664829.9184,NA,NA,56
1,CHEWDETECT,1683466.3663,5664850.9623,NA,NA,56
1,CHEWDETECT,1683800.3375,5664849.541,NA,NA,56
1,CHEWDETECT,1683860.7247,5664926.8135,NA,NA,56
1,CHEWDETECT,1683213.9613,5665423.3338,NA,NA,56
1,CHEWDETECT,1684120.2485,5665655.7284,NA,NA,56
1,CHEWDETECT,1684129.7682,5665750.5326,NA,NA,56
1,CHEWDETECT,1684176.6949,5665838.8304,NA,NA,56
1,CHEWDETECT,1684515.0407,5665193.1689,NA,NA,56
1,CHEWDETECT,1682658.4247,5665090.786,NA,NA,56
1,CHEWDETECT,1682572.3408,5665042.3396,NA,NA,56
1,CHEWDETECT,1682496.5209,5664989.9991,NA,NA,56
1,CHEWDETECT,1685310.5568,5665527.7524,NA,NA,56
1,CHEWDETECT,1685699.271,5665567.0827,NA,NA,56
1,CHEWDETECT,1684264.8081,5666568.1463,NA,NA,56
1,CHEWDETECT,1684268.5577,5666670.9963,NA,NA,56
1,CHEWDETECT,1684313.31,5666728.3142,NA,NA,56
1,CHEWDETECT,1683787.0576,5667075.7382,NA,NA,56
1,CHEWDETECT,1683280.8955,5666565.0024,NA,NA,56
1,CHEWDETECT,1683697.4233,5667458.5202,NA,NA,56
1,CHEWDETECT,1685136.3045,5663089.5335,NA,NA,56
1,CHEWDETECT,1684968.1861,5665296.2747,NA,NA,56
1,CHEWDETECT,1682765.5601,5665185.5593,NA,NA,56
1,CHEWDETECT,1682834.0946,5665215.2833,NA,NA,56
1,CHEWDETECT,1684296.1208,5665781.3868,NA,NA,56
1,CHEWDETECT,1684213.2455,5665772.0597,NA,NA,56
1,CHEWDETECT,1684434.1599,5665334.7697,NA,NA,56
1,CHEWDETECT,1684542.9059,5665403.1699,NA,NA,56
1,CHEWDETECT,1685452.3846,5666314.9949,NA,NA,56
1,CHEWDETECT,1681989.8454,5665115.0796,NA,NA,56
1,CHEWDETECT,1685754.4025,5665648.8086,NA,NA,56
1,CHEWDETECT,1685790.8512,5665756.0139,NA,NA,56
1,CHEWDETECT,1685760.2165,5665834.4718,NA,NA,56
1,CHEWDETECT,1682711.2712,5665573.1195,NA,NA,56
1,CHEWDETECT,1682790.6425,5665633.6394,NA,NA,56
1,CHEWDETECT,1681945.6039,5665558.55,NA,NA,56
1,CHEWDETECT,1682038.1967,5665521.7213,NA,NA,56
1,CHEWDETECT,1680961.0329,5665804.9786,NA,NA,56
1,CHEWDETECT,1680901.6276,5665877.8254,NA,NA,56
1,CHEWDETECT,1680874.9994,5665971.9466,NA,NA,56
1,CHEWDETECT,1680895.0001,5666068.5956,NA,NA,56
1,CHEWDETECT,1682931.1348,5665688.6905,NA,NA,56
1,CHEWDETECT,1685558.8172,5666212.7183,NA,NA,56
1,CHEWDETECT,1685515.7799,5666300.5557,NA,NA,56
1,CHEWDETECT,1680865.8425,5666124.1544,NA,NA,56
1,CHEWDETECT,1680805.0032,5666200.1674,NA,NA,56
1,CHEWDETECT,1680858.3404,5666260.0016,NA,NA,56
1,CHEWDETECT,1680924.7125,5666271.7471,NA,NA,56
1,CHEWDETECT,1681275.5009,5666001.4722,NA,NA,56
1,CHEWDETECT,1681726.8619,5666513.34,NA,NA,56
1,CHEWDETECT,1681691.0056,5666631.744,NA,NA,56
1,CHEWDETECT,1684734.2023,5666577.904,NA,NA,56
1,CHEWDETECT,1684792.6305,5666499.3516,NA,NA,56
1,CHEWDETECT,1684866.1461,5666433.1908,NA,NA,56
1,CHEWDETECT,1684746.5869,5666624.2966,NA,NA,56
1,CHEWDETECT,1681503.9133,5666739.7884,NA,NA,56
1,CHEWDETECT,1681442.0098,5666810.9871,NA,NA,56
1,CHEWDETECT,1681381.4862,5666752.9631,NA,NA,56
1,CHEWDETECT,1681329.9283,5666669.9265,NA,NA,56
1,CHEWDETECT,1681280.1812,5666585.355,NA,NA,56
1,CHEWDETECT,1684552.7139,5666983.8553,NA,NA,56
1,CHEWDETECT,1684639.4751,5667029.4751,NA,NA,56
1,CHEWDETECT,1684731.6464,5667039.9964,NA,NA,56
1,CHEWDETECT,1684415.248,5667035.0104,NA,NA,56
1,CHEWDETECT,1683355.1904,5667040.0017,NA,NA,56
1,CHEWDETECT,1682805.761,5667071.8939,NA,NA,56
1,CHEWDETECT,1682850.7104,5667075.1655,NA,NA,56
1,CHEWDETECT,1682841.0665,5667165.1955,NA,NA,56
1,CHEWDETECT,1682822.8395,5667255.7654,NA,NA,56
1,CHEWDETECT,1682798.0709,5667330.5099,NA,NA,56
1,CHEWDETECT,1684051.8329,5666583.3105,NA,NA,56
1,CHEWDETECT,1683532.0563,5666623.0188,NA,NA,56
1,CHEWDETECT,1683579.8773,5666544.5929,NA,NA,56
1,CHEWDETECT,1683544.3822,5666439.8835,NA,NA,56
1,CHEWDETECT,1683553.5837,5666345.3728,NA,NA,56
1,CHEWDETECT,1683700.7435,5667421.4829,NA,NA,56
1,CHEWDETECT,1683130.5174,5667825.9417,NA,NA,56
1,CHEWDETECT,1683183.7743,5667902.0925,NA,NA,56
1,CHEWDETECT,1682409.9997,5667743.5087,NA,NA,56
1,CHEWDETECT,1682366.6765,5667656.6806,NA,NA,56
1,CHEWDETECT,1683396.8596,5667851.873,NA,NA,56
1,CHEWDETECT,1683406.5323,5667737.963,NA,NA,56
1,CHEWDETECT,1683390.736,5667665.5304,NA,NA,56
1,CHEWDETECT,1683449.4135,5667578.4248,NA,NA,56
1,CHEWDETECT,1683262.4967,5667900.6204,NA,NA,56
1,CHEWDETECT,1684290.6514,5664077.0601,NA,NA,56
1,CHEWDETECT,1683000.0013,5664070.0046,NA,NA,56
1,CHEWDETECT,1684745.4204,5664545.3076,NA,NA,56
1,CHEWDETECT,1685084.1333,5666942.1667,NA,NA,56
1,CHEWDETECT,1684210.3975,5667081.121,NA,NA,56
1,CHEWDETECT,1683838.1084,5665606.6381,NA,NA,56
1,CHEWDETECT,1683886.9946,5665484.5903,NA,NA,56
1,CHEWDETECT,1683903.0483,5665422.1585,NA,NA,56
1,CHEWDETECT,1683943.4416,5665331.0033,NA,NA,56
1,CHEWDETECT,1682835.6137,5666544.8777,NA,NA,56
1,CHEWDETECT,1682775.0998,5666613.4421,NA,NA,56
1,CHEWDETECT,1683824.7152,5666510.4092,NA,NA,56
1,CHEWDETECT,1683258.4556,5667536.1023,NA,NA,56
1,CHEWDETECT,1683199.0604,5665514.6134,NA,NA,56
1,CHEWDETECT,1682673.8936,5665193.3486,NA,NA,56
1,CHEWDETECT,1682725.8664,5665533.3064,NA,NA,56
1,CHEWDETECT,1683240.8167,5667877.6929,NA,NA,56
1,CHEWDETECT,1682353.6829,5667479.3746,NA,NA,56
1,CHEWDETECT,1681728.6262,5666070.8744,NA,NA,56
1,CHEWDETECT,1682752.6442,5664469.9602,NA,NA,56
1,CHEWDETECT,1684351.9973,5662014.0054,NA,NA,56
1,CHEWDETECT,1683762.6721,5662558.2693,NA,NA,56
1,CHEWDETECT,1684730.0026,5664020.0006,NA,NA,56
1,CHEWDETECT,1684372.2787,5665380.2092,NA,NA,56
1,CHEWDETECT,1684882.3096,5665697.2003,NA,NA,56
1,CHEWDETECT,1684983.3012,5665756.2242,NA,NA,56
1,CHEWDETECT,1685062.6766,5665824.9595,NA,NA,56
1,CHEWDETECT,1685103.7465,5665913.7446,NA,NA,56
1,CHEWDETECT,1682399.6147,5665470.7625,NA,NA,56
1,CHEWDETECT,1682495.1156,5665495.8413,NA,NA,56
1,CHEWDETECT,1682567.1134,5665544.9341,NA,NA,56
1,CHEWDETECT,1682669.4111,5665539.4272,NA,NA,56
1,CHEWDETECT,1682110.1267,5666094.8558,NA,NA,56
1,CHEWDETECT,1682057.6095,5666197.531,NA,NA,56
1,CHEWDETECT,1681995.3692,5666244.1749,NA,NA,56
1,CHEWDETECT,1681908.6631,5666299.4129,NA,NA,56
1,CHEWDETECT,1683045.3996,5665684.4364,NA,NA,56
1,CHEWDETECT,1683293.0481,5665836.5032,NA,NA,56
1,CHEWDETECT,1683285.0016,5665951.8574,NA,NA,56
1,CHEWDETECT,1684579.2628,5666179.8986,NA,NA,56
1,CHEWDETECT,1684655.7753,5666239.3631,NA,NA,56
1,CHEWDETECT,1684296.4789,5661978.4477,NA,NA,56
1,CHEWDETECT,1684162.7088,5662176.5711,NA,NA,56
1,CHEWDETECT,1684069.5213,5662323.5671,NA,NA,56
1,CHEWDETECT,1683967.8312,5662493.1942,NA,NA,56
1,CHEWDETECT,1683540.3657,5662369.6318,NA,NA,56
1,CHEWDETECT,1683532.3609,5662210.6795,NA,NA,56
1,CHEWDETECT,1683323.2306,5662184.563,NA,NA,56
1,CHEWDETECT,1682890.0008,5662000.0046,NA,NA,56
1,CHEWDETECT,1682709.9332,5662032.4811,NA,NA,56
1,CHEWDETECT,1682297.1237,5662394.7112,NA,NA,56
1,CHEWDETECT,1684654.5025,5662209.4296,NA,NA,56
1,CHEWDETECT,1684523.5775,5662407.5809,NA,NA,56
1,CHEWDETECT,1682419.4744,5662512.4138,NA,NA,56
1,CHEWDETECT,1683816.8857,5662628.8269,NA,NA,56
1,CHEWDETECT,1683742.3747,5662807.7194,NA,NA,56
1,CHEWDETECT,1684712.4235,5662541.0894,NA,NA,56
1,CHEWDETECT,1682683.1904,5662585.7759,NA,NA,56
1,CHEWDETECT,1682496.7192,5662621.8798,NA,NA,56
1,CHEWDETECT,1685075.4825,5662756.7659,NA,NA,56
1,CHEWDETECT,1685143.8772,5662767.005,NA,NA,56
1,CHEWDETECT,1681584.998,5662641.7843,NA,NA,56
1,CHEWDETECT,1681713.8269,5662558.0861,NA,NA,56
1,CHEWDETECT,1681664.0194,5662726.4977,NA,NA,56
1,CHEWDETECT,1682853.0962,5662775.6836,NA,NA,56
1,CHEWDETECT,1682996.9656,5662725.2727,NA,NA,56
1,CHEWDETECT,1682649.5985,5662884.298,NA,NA,56
1,CHEWDETECT,1683441.5579,5662909.0762,NA,NA,56
1,CHEWDETECT,1683299.3475,5663019.9976,NA,NA,56
1,CHEWDETECT,1681786.5873,5663029.3654,NA,NA,56
1,CHEWDETECT,1682030.1077,5663035.1102,NA,NA,56
1,CHEWDETECT,1685520.5273,5663243.2219,NA,NA,56
1,CHEWDETECT,1683728.9546,5663036.4604,NA,NA,56
1,CHEWDETECT,1683471.0491,5663454.6887,NA,NA,56
1,CHEWDETECT,1684259.279,5662941.6006,NA,NA,56
1,CHEWDETECT,1681287.0622,5663334.1245,NA,NA,56
1,CHEWDETECT,1684698.4717,5662771.9285,NA,NA,56
1,CHEWDETECT,1684455.3431,5663032.4116,NA,NA,56
1,CHEWDETECT,1684635.4751,5663032.26,NA,NA,56
1,CHEWDETECT,1682196.8873,5663082.2838,NA,NA,56
1,CHEWDETECT,1684475.073,5663341.7996,NA,NA,56
1,CHEWDETECT,1681812.447,5663563.3461,NA,NA,56
1,CHEWDETECT,1681656.2782,5663664.9637,NA,NA,56
1,CHEWDETECT,1681383.0532,5663457.6302,NA,NA,56
1,CHEWDETECT,1682145.1107,5663546.461,NA,NA,56
1,CHEWDETECT,1682001.0192,5664017.977,NA,NA,56
1,CHEWDETECT,1681299.8445,5663445.191,NA,NA,56
1,CHEWDETECT,1680731.7958,5663517.5948,NA,NA,56
1,CHEWDETECT,1680742.0076,5663335.8045,NA,NA,56
1,CHEWDETECT,1681211.4382,5663103.5607,NA,NA,56
1,CHEWDETECT,1683264.4267,5663406.9215,NA,NA,56
1,CHEWDETECT,1683095.0631,5663361.0091,NA,NA,56
1,CHEWDETECT,1682620.3399,5663317.4402,NA,NA,56
1,CHEWDETECT,1682450.3895,5663283.9031,NA,NA,56
1,CHEWDETECT,1684948.1343,5663468.2127,NA,NA,56
1,CHEWDETECT,1684858.2454,5663637.1754,NA,NA,56
1,CHEWDETECT,1685135.3911,5663506.4964,NA,NA,56
1,CHEWDETECT,1683222.2856,5663460.8521,NA,NA,56
1,CHEWDETECT,1685446.0208,5663466.3081,NA,NA,56
1,CHEWDETECT,1685273.2605,5663410.6709,NA,NA,56
1,CHEWDETECT,1683579.5504,5663575.3263,NA,NA,56
1,CHEWDETECT,1683757.8862,5663541.009,NA,NA,56
1,CHEWDETECT,1684252.5206,5663352.4836,NA,NA,56
1,CHEWDETECT,1683614.2572,5663959.59,NA,NA,56
1,CHEWDETECT,1684647.9323,5663798.8634,NA,NA,56
1,CHEWDETECT,1683907.1818,5662139.2969,NA,NA,56
1,CHEWDETECT,1684237.5777,5662069.6815,NA,NA,56
1,CHEWDETECT,1684084.233,5662230.6077,NA,NA,56
1,CHEWDETECT,1684669.8274,5663898.5552,NA,NA,56
1,CHEWDETECT,1684535.8956,5663910.4577,NA,NA,56
1,CHEWDETECT,1684369.6714,5664252.3033,NA,NA,56
1,CHEWDETECT,1682723.1963,5663736.9343,NA,NA,56
1,CHEWDETECT,1682764.5447,5663829.21,NA,NA,56
1,CHEWDETECT,1683126.255,5663553.4447,NA,NA,56
1,CHEWDETECT,1682275.9396,5663817.4601,NA,NA,56
1,CHEWDETECT,1682700.7432,5663820.2498,NA,NA,56
1,CHEWDETECT,1685323.0965,5663887.8142,NA,NA,56
1,CHEWDETECT,1682237.1596,5664024.2207,NA,NA,56
1,CHEWDETECT,1684940.9995,5663924.5007,NA,NA,56
1,CHEWDETECT,1685129.4683,5663892.3652,NA,NA,56
1,CHEWDETECT,1685595.8202,5664156.6334,NA,NA,56
1,CHEWDETECT,1685669.1152,5664322.052,NA,NA,56
1,CHEWDETECT,1683639.1089,5664142.9432,NA,NA,56
1,CHEWDETECT,1683456.5898,5664096.5915,NA,NA,56
1,CHEWDETECT,1682746.9165,5664107.6575,NA,NA,56
1,CHEWDETECT,1682881.8366,5664241.8324,NA,NA,56
1,CHEWDETECT,1683298.0868,5664752.528,NA,NA,56
1,CHEWDETECT,1683434.1417,5664859.9049,NA,NA,56
1,CHEWDETECT,1684081.9256,5664262.8838,NA,NA,56
1,CHEWDETECT,1684583.9272,5664385.1175,NA,NA,56
1,CHEWDETECT,1684505.3279,5664525.6662,NA,NA,56
1,CHEWDETECT,1683933.0917,5664324.8212,NA,NA,56
1,CHEWDETECT,1682717.6288,5664435.5259,NA,NA,56
1,CHEWDETECT,1682198.8164,5664489.9958,NA,NA,56
1,CHEWDETECT,1685291.7782,5664545.4503,NA,NA,56
1,CHEWDETECT,1685122.5618,5664462.5581,NA,NA,56
1,CHEWDETECT,1685676.0161,5664710.9181,NA,NA,56
1,CHEWDETECT,1685609.9988,5664890.8631,NA,NA,56
1,CHEWDETECT,1685718.0863,5665341.5737,NA,NA,56
1,CHEWDETECT,1683868.4674,5664588.6473,NA,NA,56
1,CHEWDETECT,1684023.5093,5662410.6418,NA,NA,56
1,CHEWDETECT,1683876.5252,5662508.4457,NA,NA,56
1,CHEWDETECT,1683622.95,5662319.8784,NA,NA,56
1,CHEWDETECT,1683494.2109,5662274.7339,NA,NA,56
1,CHEWDETECT,1683392.8716,5662225.7797,NA,NA,56
1,CHEWDETECT,1682794.3631,5662000.318,NA,NA,56
1,CHEWDETECT,1682672.3006,5662092.3006,NA,NA,56
1,CHEWDETECT,1682337.5796,5662470.2462,NA,NA,56
1,CHEWDETECT,1684615.948,5662282.0717,NA,NA,56
1,CHEWDETECT,1684716.7483,5662123.2553,NA,NA,56
1,CHEWDETECT,1684577.0322,5662488.8497,NA,NA,56
1,CHEWDETECT,1682314.8604,5662510.1424,NA,NA,56
1,CHEWDETECT,1683836.6297,5662530.7611,NA,NA,56
1,CHEWDETECT,1683791.5325,5662724.6731,NA,NA,56
1,CHEWDETECT,1682588.7949,5662576.599,NA,NA,56
1,CHEWDETECT,1682768.7809,5662542.7253,NA,NA,56
1,CHEWDETECT,1684033.713,5664533.7114,NA,NA,56
1,CHEWDETECT,1684467.048,5664697.2869,NA,NA,56
1,CHEWDETECT,1683792.4846,5664587.4862,NA,NA,56
1,CHEWDETECT,1684714.2339,5664671.0649,NA,NA,56
1,CHEWDETECT,1685174.8528,5664956.4711,NA,NA,56
1,CHEWDETECT,1685294.2686,5665108.4146,NA,NA,56
1,CHEWDETECT,1684478.9183,5665007.4134,NA,NA,56
1,CHEWDETECT,1683734.8427,5664812.094,NA,NA,56
1,CHEWDETECT,1683328.557,5665055.8042,NA,NA,56
1,CHEWDETECT,1683250.1206,5665233.3612,NA,NA,56
1,CHEWDETECT,1683807.1032,5665032.5683,NA,NA,56
1,CHEWDETECT,1684038.0035,5665053.9577,NA,NA,56
1,CHEWDETECT,1684215.0814,5665325.3372,NA,NA,56
1,CHEWDETECT,1684211.1913,5665502.0946,NA,NA,56
1,CHEWDETECT,1684694.885,5665169.5478,NA,NA,56
1,CHEWDETECT,1684445.2028,5665314.3159,NA,NA,56
1,CHEWDETECT,1685085.6144,5662697.462,NA,NA,56
1,CHEWDETECT,1685235.2397,5662774.3791,NA,NA,56
1,CHEWDETECT,1681535.2574,5662724.7447,NA,NA,56
1,CHEWDETECT,1681569.7238,5662757.6409,NA,NA,56
1,CHEWDETECT,1682929.1488,5662778.1739,NA,NA,56
1,CHEWDETECT,1683031.416,5662628.2764,NA,NA,56
1,CHEWDETECT,1682693.0291,5662928.2851,NA,NA,56
1,CHEWDETECT,1683391.2271,5662989.3877,NA,NA,56
1,CHEWDETECT,1681951.2952,5662974.723,NA,NA,56
1,CHEWDETECT,1685314.3342,5662965.1659,NA,NA,56
1,CHEWDETECT,1685512.4296,5663147.2351,NA,NA,56
1,CHEWDETECT,1685553.3991,5663330.1377,NA,NA,56
1,CHEWDETECT,1685580.5498,5663411.2581,NA,NA,56
1,CHEWDETECT,1683638.0887,5663008.3836,NA,NA,56
1,CHEWDETECT,1684186.0003,5662886.2023,NA,NA,56
1,CHEWDETECT,1681289.8312,5663008.7896,NA,NA,56
1,CHEWDETECT,1682327.9352,5664910.0016,NA,NA,56
1,CHEWDETECT,1682318.4867,5664742.4485,NA,NA,56
1,CHEWDETECT,1684799.998,5665214.3802,NA,NA,56
1,CHEWDETECT,1682259.9978,5665497.1105,NA,NA,56
1,CHEWDETECT,1683048.9073,5665426.9545,NA,NA,56
1,CHEWDETECT,1682900.8405,5665296.8819,NA,NA,56
1,CHEWDETECT,1682968.808,5665662.9774,NA,NA,56
1,CHEWDETECT,1685730.0006,5665922.0635,NA,NA,56
1,CHEWDETECT,1682124.2894,5665470.8483,NA,NA,56
1,CHEWDETECT,1681729.8888,5665583.2714,NA,NA,56
1,CHEWDETECT,1681268.7226,5665682.5479,NA,NA,56
1,CHEWDETECT,1681145.3279,5665791.8722,NA,NA,56
1,CHEWDETECT,1683021.3327,5665832.8244,NA,NA,56
1,CHEWDETECT,1682992.4535,5666023.442,NA,NA,56
1,CHEWDETECT,1685364.2599,5665466.8495,NA,NA,56
1,CHEWDETECT,1685618.2614,5666133.4777,NA,NA,56
1,CHEWDETECT,1682901.8671,5666112.0363,NA,NA,56
1,CHEWDETECT,1681442.1422,5666157.1521,NA,NA,56
1,CHEWDETECT,1681415.4444,5666209.919,NA,NA,56
1,CHEWDETECT,1684712.1287,5666085.7439,NA,NA,56
1,CHEWDETECT,1681718.1177,5666118.3176,NA,NA,56
1,CHEWDETECT,1681475.8756,5666293.4482,NA,NA,56
1,CHEWDETECT,1681672.5769,5666361.082,NA,NA,56
1,CHEWDETECT,1685068.4511,5666547.6868,NA,NA,56
1,CHEWDETECT,1684966.2891,5666684.3223,NA,NA,56
1,CHEWDETECT,1682809.0556,5666433.829,NA,NA,56
1,CHEWDETECT,1684410.7278,5666888.6417,NA,NA,56
1,CHEWDETECT,1684806.5405,5666808.6684,NA,NA,56
1,CHEWDETECT,1681217.5638,5666515.1227,NA,NA,56
1,CHEWDETECT,1681147.0294,5666451.7578,NA,NA,56
1,CHEWDETECT,1681754.6171,5666784.2275,NA,NA,56
1,CHEWDETECT,1682956.6029,5666799.1274,NA,NA,56
1,CHEWDETECT,1681244.7891,5663232.8025,NA,NA,56
1,CHEWDETECT,1684750.7449,5662711.8406,NA,NA,56
1,CHEWDETECT,1684362.1914,5663020.5427,NA,NA,56
1,CHEWDETECT,1684537.3066,5663040.8537,NA,NA,56
1,CHEWDETECT,1684726.9363,5663040.5445,NA,NA,56
1,CHEWDETECT,1682126.1811,5663130.1888,NA,NA,56
1,CHEWDETECT,1682045.9806,5663130.3349,NA,NA,56
1,CHEWDETECT,1684402.5219,5663347.6187,NA,NA,56
1,CHEWDETECT,1681901.4646,5663549.2467,NA,NA,56
1,CHEWDETECT,1681726.3939,5663597.432,NA,NA,56
1,CHEWDETECT,1681331.2262,5663385.3033,NA,NA,56
1,CHEWDETECT,1682118.1423,5663455.3638,NA,NA,56
1,CHEWDETECT,1682057.9851,5664072.9862,NA,NA,56
1,CHEWDETECT,1681258.9968,5663502.9861,NA,NA,56
1,CHEWDETECT,1680857.0651,5663502.5036,NA,NA,56
1,CHEWDETECT,1680676.2983,5663426.2111,NA,NA,56
1,CHEWDETECT,1682950.5852,5666943.9254,NA,NA,56
1,CHEWDETECT,1682158.1797,5666506.9809,NA,NA,56
1,CHEWDETECT,1684455.9129,5666975.0033,NA,NA,56
1,CHEWDETECT,1684327.6558,5667004.5486,NA,NA,56
1,CHEWDETECT,1684770.0012,5666999.4146,NA,NA,56
1,CHEWDETECT,1683419.6342,5666968.1739,NA,NA,56
1,CHEWDETECT,1683379.4491,5666794.1593,NA,NA,56
1,CHEWDETECT,1682777.9071,5667420.7359,NA,NA,56
1,CHEWDETECT,1684002.6201,5666911.7803,NA,NA,56
1,CHEWDETECT,1683985.4487,5666713.0843,NA,NA,56
1,CHEWDETECT,1683471.9451,5667079.4091,NA,NA,56
1,CHEWDETECT,1683549.4689,5666905.8493,NA,NA,56
1,CHEWDETECT,1683552.1011,5666718.9316,NA,NA,56
1,CHEWDETECT,1683555.0788,5666245.6268,NA,NA,56
1,CHEWDETECT,1683468.3634,5666070.3188,NA,NA,56
1,CHEWDETECT,1683790.2637,5667112.0877,NA,NA,56
1,CHEWDETECT,1680807.7753,5663247.285,NA,NA,56
1,CHEWDETECT,1681134.0906,5663076.3703,NA,NA,56
1,CHEWDETECT,1683159.9319,5663371.4041,NA,NA,56
1,CHEWDETECT,1682531.3401,5663291.628,NA,NA,56
1,CHEWDETECT,1682390.7532,5663354.4428,NA,NA,56
1,CHEWDETECT,1683420.1793,5663455.5722,NA,NA,56
1,CHEWDETECT,1684928.6368,5663552.782,NA,NA,56
1,CHEWDETECT,1685043.1741,5663492.3823,NA,NA,56
1,CHEWDETECT,1685367.6348,5663423.7891,NA,NA,56
1,CHEWDETECT,1685200.8309,5663361.904,NA,NA,56
1,CHEWDETECT,1685486.6054,5663474.5591,NA,NA,56
1,CHEWDETECT,1683516.8521,5663511.2226,NA,NA,56
1,CHEWDETECT,1683662.8323,5663551.0868,NA,NA,56
1,CHEWDETECT,1684214.3891,5663437.5692,NA,NA,56
1,CHEWDETECT,1683622.7299,5664025.5326,NA,NA,56
1,CHEWDETECT,1684705.6097,5663730.3997,NA,NA,56
1,CHEWDETECT,1683621.0125,5667365.5015,NA,NA,56
1,CHEWDETECT,1682770.3544,5667535.8894,NA,NA,56
1,CHEWDETECT,1683019.3313,5667583.7904,NA,NA,56
1,CHEWDETECT,1683115.9902,5667737.4682,NA,NA,56
1,CHEWDETECT,1682377.2695,5667574.6014,NA,NA,56
1,CHEWDETECT,1682582.3527,5667898.6731,NA,NA,56
1,CHEWDETECT,1682770.1505,5667873.0298,NA,NA,56
1,CHEWDETECT,1683276.1612,5667814.6207,NA,NA,56
1,CHEWDETECT,1683249.4952,5667622.4553,NA,NA,56
1,CHEWDETECT,1683464.1107,5667376.5061,NA,NA,56
1,CHEWDETECT,1683428.8756,5667179.2197,NA,NA,56
1,CHEWDETECT,1682702.8992,5665152.5757,NA,NA,56
1,CHEWDETECT,1684235.0379,5665084.4512,NA,NA,56
1,CHEWDETECT,1684912.3659,5666423.0962,NA,NA,56
1,CHEWDETECT,1682626.1365,5666354.3438,NA,NA,56
1,CHEWDETECT,1682731.7042,5666519.1521,NA,NA,56
1,CHEWDETECT,1685494.0588,5663937.8322,NA,NA,56
1,CHEWDETECT,1684725.7936,5663894.1185,NA,NA,56
1,CHEWDETECT,1684588.737,5663832.1752,NA,NA,56
1,CHEWDETECT,1684274.7402,5664262.3862,NA,NA,56
1,CHEWDETECT,1682696.7959,5663652.8198,NA,NA,56
1,CHEWDETECT,1683200.3321,5663488.35,NA,NA,56
1,CHEWDETECT,1682257.7702,5663749.173,NA,NA,56
1,CHEWDETECT,1682605.7591,5663832.8629,NA,NA,56
1,CHEWDETECT,1682271.3888,5663900.1969,NA,NA,56
1,CHEWDETECT,1685033.2492,5663889.1872,NA,NA,56
1,CHEWDETECT,1685227.3778,5663890.6579,NA,NA,56
1,CHEWDETECT,1685557.4359,5664068.7191,NA,NA,56
1,CHEWDETECT,1685623.7033,5664246.4809,NA,NA,56
1,CHEWDETECT,1685723.8302,5664365.9393,NA,NA,56
1,CHEWDETECT,1683542.7894,5664146.0259,NA,NA,56
1,CHEWDETECT,1682805.6561,5664184.2417,NA,NA,56
1,CHEWDETECT,1683929.5047,5665989.0855,NA,NA,56
1,CHEWDETECT,1683897.2404,5665779.0533,NA,NA,56
1,CHEWDETECT,1683936.4111,5665138.8907,NA,NA,56
1,CHEWDETECT,1683909.646,5666490.0842,NA,NA,56
1,CHEWDETECT,1682658.2104,5666685.4059,NA,NA,56
1,CHEWDETECT,1682451.5322,5666798.3669,NA,NA,56
1,CHEWDETECT,1682110.7099,5667011.4258,NA,NA,56
1,CHEWDETECT,1681918.6687,5666992.7338,NA,NA,56
1,CHEWDETECT,1683286.7523,5666017.2427,NA,NA,56
1,CHEWDETECT,1682763.4984,5666043.3165,NA,NA,56
1,CHEWDETECT,1682245.3603,5665535.7758,NA,NA,56
1,CHEWDETECT,1682259.1022,5663560.3502,NA,NA,56
1,CHEWDETECT,1683210.0313,5663523.7465,NA,NA,56
1,CHEWDETECT,1682233.5482,5663060.0545,NA,NA,56
1,CHEWDETECT,1682114.9987,5662671.0025,NA,NA,56
1,CHEWDETECT,1684222.7418,5662518.1513,NA,NA,56
1,CHEWDETECT,1684765.5461,5662069.6635,NA,NA,56
1,CHEWDETECT,1684765.8592,5663519.4223,NA,NA,56
1,CHEWDETECT,1683374.3438,5667983.5437,NA,NA,56
1,CHEWDETECT,1685063.5281,5665319.9999,NA,NA,56
1,CHEWDETECT,1685240.7901,5665396.8438,NA,NA,56
1,CHEWDETECT,1682957.6365,5665058.002,NA,NA,56
1,CHEWDETECT,1684361.5459,5665560.4345,NA,NA,56
1,CHEWDETECT,1684385.222,5665739.8937,NA,NA,56
1,CHEWDETECT,1684603.886,5665458.1474,NA,NA,56
1,CHEWDETECT,1684720.6086,5665617.8033,NA,NA,56
1,CHEWDETECT,1685176.2165,5666064.0507,NA,NA,56
1,CHEWDETECT,1685308.9311,5666197.8611,NA,NA,56
1,CHEWDETECT,1682258.0651,5665233.0628,NA,NA,56
1,CHEWDETECT,1682153.5516,5665072.6593,NA,NA,56
1,CHEWDETECT,1681930.001,5665517.3653,NA,NA,56
1,CHEWDETECT,1682340.9333,5665910.074,NA,NA,56
1,CHEWDETECT,1682924.932,5664329.8654,NA,NA,56
1,CHEWDETECT,1683276.1581,5664653.6898,NA,NA,56
1,CHEWDETECT,1683383.4575,5664825.6093,NA,NA,56
1,CHEWDETECT,1683999.5154,5664293.4893,NA,NA,56
1,CHEWDETECT,1684677.565,5664364.2283,NA,NA,56
1,CHEWDETECT,1684504.4932,5664435.6357,NA,NA,56
1,CHEWDETECT,1683841.3566,5664304.6137,NA,NA,56
1,CHEWDETECT,1683920.7671,5664522.0259,NA,NA,56
1,CHEWDETECT,1682291.692,5664515.0026,NA,NA,56
1,CHEWDETECT,1682142.2562,5664501.6986,NA,NA,56
1,CHEWDETECT,1682046.6459,5664195.8039,NA,NA,56
1,CHEWDETECT,1685204.5158,5664504.7555,NA,NA,56
1,CHEWDETECT,1685031.1675,5664431.5434,NA,NA,56
1,CHEWDETECT,1685665.0004,5664614.3833,NA,NA,56
1,CHEWDETECT,1685626.8503,5664796.2995,NA,NA,56
1,CHEWDETECT,1685712.8253,5665426.1363,NA,NA,56
1,CHEWDETECT,1683947.3687,5664549.9986,NA,NA,56
1,CHEWDETECT,1684554.222,5664691.0527,NA,NA,56
1,CHEWDETECT,1683802.8956,5664659.5343,NA,NA,56
1,CHEWDETECT,1684736.0164,5664574.9409,NA,NA,56
1,CHEWDETECT,1685225.5842,5665040.7742,NA,NA,56
1,CHEWDETECT,1685362.1944,5665202.8496,NA,NA,56
1,CHEWDETECT,1684511.6427,5664921.136,NA,NA,56
1,CHEWDETECT,1684524.142,5665076.6355,NA,NA,56
1,CHEWDETECT,1683275.6405,5665137.7247,NA,NA,56
1,CHEWDETECT,1683225.9694,5665326.8664,NA,NA,56
1,CHEWDETECT,1683885.001,5664993.6106,NA,NA,56
1,CHEWDETECT,1683958.459,5665009.0889,NA,NA,56
1,CHEWDETECT,1684245.3395,5665410.5256,NA,NA,56
1,CHEWDETECT,1684205.5251,5665595.3994,NA,NA,56
1,CHEWDETECT,1684610.769,5665145.0017,NA,NA,56
1,CHEWDETECT,1684767.757,5665229.0995,NA,NA,56
1,CHEWDETECT,1684441.436,5665227.0127,NA,NA,56
1,CHEWDETECT,1682413.9406,5664943.9412,NA,NA,56
1,CHEWDETECT,1682300.002,5664829.857,NA,NA,56
1,CHEWDETECT,1683002.852,5665335.5391,NA,NA,56
1,CHEWDETECT,1683168.6546,5665488.5193,NA,NA,56
1,CHEWDETECT,1685749.9972,5666018.4725,NA,NA,56
1,CHEWDETECT,1682217.197,5665434.3684,NA,NA,56
1,CHEWDETECT,1681829.8774,5665581.7564,NA,NA,56
1,CHEWDETECT,1681337.3063,5665625.0778,NA,NA,56
1,CHEWDETECT,1681240.2356,5665774.7673,NA,NA,56
1,CHEWDETECT,1681095.4356,5665788.0145,NA,NA,56
1,CHEWDETECT,1682986.8214,5665746.3104,NA,NA,56
1,CHEWDETECT,1683020.5521,5665930.103,NA,NA,56
1,CHEWDETECT,1682847.1378,5665695.9837,NA,NA,56
1,CHEWDETECT,1685425.0013,5665535.047,NA,NA,56
1,CHEWDETECT,1685681.3919,5666060.0029,NA,NA,56
1,CHEWDETECT,1682795.5008,5666111.6808,NA,NA,56
1,CHEWDETECT,1681400.8219,5666081.516,NA,NA,56
1,CHEWDETECT,1681339.9577,5666306.3875,NA,NA,56
1,CHEWDETECT,1684702.747,5666189.4308,NA,NA,56
1,CHEWDETECT,1684759.0542,5666069.3276,NA,NA,56
1,CHEWDETECT,1681720.6781,5666206.9112,NA,NA,56
1,CHEWDETECT,1681642.0234,5666277.2985,NA,NA,56
1,CHEWDETECT,1681548.6122,5666361.912,NA,NA,56
1,CHEWDETECT,1681682.7545,5666441.851,NA,NA,56
1,CHEWDETECT,1685180.7929,5666479.4365,NA,NA,56
1,CHEWDETECT,1685012.357,5666611.7796,NA,NA,56
1,CHEWDETECT,1684902.9634,5666761.5238,NA,NA,56
1,CHEWDETECT,1681012.3467,5666446.3686,NA,NA,56
1,CHEWDETECT,1682719.7933,5666388.8689,NA,NA,56
1,CHEWDETECT,1684753.9518,5666726.0859,NA,NA,56
1,CHEWDETECT,1681580.7777,5666689.6095,NA,NA,56
1,CHEWDETECT,1681677.9732,5666730.7422,NA,NA,56
1,CHEWDETECT,1681792.8921,5666872.89,NA,NA,56
1,CHEWDETECT,1682994.533,5666859.083,NA,NA,56
1,CHEWDETECT,1682912.4825,5667004.525,NA,NA,56
1,CHEWDETECT,1684861.3253,5666855.6665,NA,NA,56
1,CHEWDETECT,1682092.2187,5666581.1232,NA,NA,56
1,CHEWDETECT,1682222.9483,5666547.0577,NA,NA,56
1,CHEWDETECT,1685009.7978,5666907.4535,NA,NA,56
1,CHEWDETECT,1684235.2922,5667038.3667,NA,NA,56
1,CHEWDETECT,1684808.6577,5666937.3523,NA,NA,56
1,CHEWDETECT,1683261.7723,5667029.144,NA,NA,56
1,CHEWDETECT,1683423.1629,5666866.8116,NA,NA,56
1,CHEWDETECT,1682797.9762,5667503.9108,NA,NA,56
1,CHEWDETECT,1683919.112,5666974.2978,NA,NA,56
1,CHEWDETECT,1684016.3259,5666822.4204,NA,NA,56
1,CHEWDETECT,1683995.185,5666634.5216,NA,NA,56
1,CHEWDETECT,1683500.4122,5666991.6078,NA,NA,56
1,CHEWDETECT,1683575.9068,5666811.0157,NA,NA,56
1,CHEWDETECT,1683527.4821,5666149.8958,NA,NA,56
1,CHEWDETECT,1683403.881,5665989.2091,NA,NA,56
1,CHEWDETECT,1683763.5262,5667191.3307,NA,NA,56
1,CHEWDETECT,1683524.7657,5667353.6895,NA,NA,56
1,CHEWDETECT,1682687.5611,5667598.1087,NA,NA,56
1,CHEWDETECT,1682958.4942,5667526.176,NA,NA,56
1,CHEWDETECT,1683077.1283,5667659.7468,NA,NA,56
1,CHEWDETECT,1682519.3257,5667824.4894,NA,NA,56
1,CHEWDETECT,1682691.5357,5667899.5204,NA,NA,56
1,CHEWDETECT,1683277.2026,5667709.5371,NA,NA,56
1,CHEWDETECT,1683484.3856,5667478.6123,NA,NA,56
1,CHEWDETECT,1683430.2174,5667298.5659,NA,NA,56
1,CHEWDETECT,1683351.0535,5667881.8555,NA,NA,56
1,CHEWDETECT,1683777.4831,5665050.6195,NA,NA,56
1,CHEWDETECT,1683745.0029,5664554.9963,NA,NA,56
1,CHEWDETECT,1683313.3388,5664038.8985,NA,NA,56
1,CHEWDETECT,1682817.2913,5666482.7021,NA,NA,56
1,CHEWDETECT,1683897.88,5665896.1861,NA,NA,56
1,CHEWDETECT,1683865.9642,5665701.223,NA,NA,56
1,CHEWDETECT,1684013.0259,5665259.9149,NA,NA,56
1,CHEWDETECT,1684006.7009,5666470.8264,NA,NA,56
1,CHEWDETECT,1682681.7,5666636.7199,NA,NA,56
1,CHEWDETECT,1682529.0626,5666741.5657,NA,NA,56
1,CHEWDETECT,1682020.9178,5666996.0167,NA,NA,56
1,CHEWDETECT,1684379.2028,5666794.6044,NA,NA,56
1,CHEWDETECT,1684780.9787,5667359.8175,NA,NA,56
1,CHEWDETECT,1682705.066,5663610.1511,NA,NA,56
1,CHEWDETECT,1681749.9987,5662564.9963,NA,NA,56
1,CHEWDETECT,1681763.0749,5663034.0133,NA,NA,56
1,CHEWDETECT,1682799.3959,5662588.0653,NA,NA,56
1,CHEWDETECT,1683259.3809,5663026.5761,NA,NA,56
1,CHEWDETECT,1684269.6553,5663024.7629,NA,NA,56
1,CHEWDETECT,1685107.535,5662644.1064,NA,NA,56
1,CHEWDETECT,1682534.997,5666324.9967,NA,NA,56
1,CHEWDETECT,1682747.4581,5667021.1915,NA,NA,56
1,CHEWDETECT,1685159.5444,5665339.7749,NA,NA,56
1,CHEWDETECT,1685321.0817,5665449.3229,NA,NA,56
1,CHEWDETECT,1682895.8656,5665136.6426,NA,NA,56
1,CHEWDETECT,1684375.5992,5665452.7318,NA,NA,56
1,CHEWDETECT,1684377.5305,5665653.3691,NA,NA,56
1,CHEWDETECT,1684657.4423,5665523.129,NA,NA,56
1,CHEWDETECT,1684819.8709,5665657.4028,NA,NA,56
1,CHEWDETECT,1685145.6146,5666004.683,NA,NA,56
1,CHEWDETECT,1685252.2457,5666111.8502,NA,NA,56
1,CHEWDETECT,1685394.6247,5666245.367,NA,NA,56
1,CHEWDETECT,1682335.0959,5665395.1335,NA,NA,56
1,CHEWDETECT,1682312.2378,5665311.1925,NA,NA,56
1,CHEWDETECT,1682199.1921,5665180.8891,NA,NA,56
1,CHEWDETECT,1682077.3929,5665072.6063,NA,NA,56
1,CHEWDETECT,1681909.702,5665419.7483,NA,NA,56
1,CHEWDETECT,1682281.6034,5665384.6561,NA,NA,56
1,CHEWDETECT,1682418.746,5665847.3672,NA,NA,56
1,CHEWDETECT,1682250.3987,5665990.7553,NA,NA,56
1,CHEWDETECT,1681657.9926,5666268.2849,NA,NA,56
1,CHEWDETECT,1683225.9786,5665753.9126,NA,NA,56
1,CHEWDETECT,1683108.333,5665656.5874,NA,NA,56
1,CHEWDETECT,1684291.6339,5665967.5665,NA,NA,56
1,CHEWDETECT,1684489.2183,5666037.4585,NA,NA,56
1,CHEWDETECT,1681375.0318,5665968.521,NA,NA,56
1,CHEWDETECT,1681523.2193,5665889.6927,NA,NA,56
1,CHEWDETECT,1681094.6166,5666078.8486,NA,NA,56
1,CHEWDETECT,1680900.7885,5666110.1988,NA,NA,56
1,CHEWDETECT,1681897.8983,5665153.0239,NA,NA,56
1,CHEWDETECT,1681864.997,5665233.5431,NA,NA,56
1,CHEWDETECT,1681864.5574,5665333.5273,NA,NA,56
1,CHEWDETECT,1682599.082,5665820.7462,NA,NA,56
1,CHEWDETECT,1682499.543,5665831.8352,NA,NA,56
1,CHEWDETECT,1684225.8917,5665876.1891,NA,NA,56
1,CHEWDETECT,1684273.4342,5665926.5165,NA,NA,56
1,CHEWDETECT,1684335.7847,5665975.7926,NA,NA,56
1,CHEWDETECT,1681658.424,5665750.4105,NA,NA,56
1,CHEWDETECT,1681661.1627,5665650.448,NA,NA,56
1,CHEWDETECT,1681366.8946,5666000.1691,NA,NA,56
1,CHEWDETECT,1681272.139,5665994.463,NA,NA,56
1,CHEWDETECT,1685615.9681,5665829.9163,NA,NA,56
1,CHEWDETECT,1685586.7685,5665737.0776,NA,NA,56
1,CHEWDETECT,1682170.8387,5666023.8487,NA,NA,56
1,CHEWDETECT,1681822.5335,5666300.8266,NA,NA,56
1,CHEWDETECT,1683175.8572,5665677.0586,NA,NA,56
1,CHEWDETECT,1684430.862,5665958.2725,NA,NA,56
1,CHEWDETECT,1684543.2592,5666090.1431,NA,NA,56
1,CHEWDETECT,1684703.9668,5666526.0596,NA,NA,56
1,CHEWDETECT,1681433.7958,5665916.4194,NA,NA,56
1,CHEWDETECT,1681596.6885,5665823.3296,NA,NA,56
1,CHEWDETECT,1681181.769,5666034.1157,NA,NA,56
1,CHEWDETECT,1680999.2951,5666107.6804,NA,NA,56
1,CHEWDETECT,1685702.7098,5665983.1792,NA,NA,56
1,CHEWDETECT,1684688.5183,5666333.8506,NA,NA,56
1,CHEWDETECT,1684704.7322,5666429.1417,NA,NA,56
1,CHEWDETECT,1685629.4882,5665927.9706,NA,NA,56
1,PossMaster,1681070.9997,5666400.0034,NA,NA,56
1,PossMaster,1681431.0004,5666319.0028,NA,NA,56
1,PossMaster,1681272.9995,5666397.0023,NA,NA,56
1,PossMaster,1685208.0037,5663070.9953,NA,NA,56
1,PossMaster,1684351.9973,5662014.0054,NA,NA,56
1,PossMaster,1684643.9962,5662258.9969,NA,NA,56
1,PossMaster,1685090.0017,5662731.0031,NA,NA,56
1,PossMaster,1681196.9997,5665766.9952,NA,NA,56
1,PossMaster,1683419.212,5667689.1138,NA,NA,56
1,PossMaster,1681952.7282,5666273.2252,NA,NA,56
1,PossMaster,1681318.0035,5666294.0042,NA,NA,56
1,PossMaster,1683258.6462,5667619.4142,NA,NA,56
1,PossMaster,1681153.9975,5666368.0014,NA,NA,56
1,PossMaster,1683080.6131,5667891.1559,NA,NA,56
1,PossMaster,1682680.0008,5662154.0045,NA,NA,56
1,PossMaster,1682331.7794,5662485.8127,NA,NA,56
1,PossMaster,1682798.468,5662587.6371,NA,NA,56
1,PossMaster,1683493.625,5662398.6043,NA,NA,56
1,PossMaster,1684432.2533,5663041.1747,NA,NA,56
1,PossMaster,1684661.0016,5662568.0003,NA,NA,56
1,PossMaster,1680871.9964,5663490.9945,NA,NA,56
1,PossMaster,1681525.9068,5663709.4617,NA,NA,56
1,PossMaster,1682701.0006,5663729.9965,NA,NA,56
1,PossMaster,1683497.0985,5663498.4826,NA,NA,56
1,PossMaster,1684289.6001,5663288.3073,NA,NA,56
1,PossMaster,1683691.0043,5663857.9999,NA,NA,56
1,PossMaster,1684997.9998,5663898.0051,NA,NA,56
1,PossMaster,1685737.0031,5664366.0049,NA,NA,56
1,PossMaster,1683832.9991,5662511.0007,NA,NA,56
1,PossMaster,1684160.9958,5662370.9977,NA,NA,56
1,PossMaster,1681236.8805,5663222.7221,NA,NA,56
1,PossMaster,1681889.9994,5662928.0019,NA,NA,56
1,PossMaster,1682126.5211,5663134.1237,NA,NA,56
1,PossMaster,1683441.9963,5662905.9954,NA,NA,56
1,PossMaster,1683603.5948,5663011.9575,NA,NA,56
1,PossMaster,1682270.0007,5663698.9951,NA,NA,56
1,PossMaster,1684140.0016,5665089.0015,NA,NA,56
1,PossMaster,1683858.7219,5665667.4261,NA,NA,56
1,PossMaster,1683870.9959,5666024.0007,NA,NA,56
1,PossMaster,1683636.0027,5667182.0027,NA,NA,56
1,PossMaster,1684919.9994,5663539.9956,NA,NA,56
1,PossMaster,1684997.0011,5663445.9949,NA,NA,56
1,PossMaster,1682683.001,5663868.0026,NA,NA,56
1,PossMaster,1683508.0035,5664124.9969,NA,NA,56
1,PossMaster,1684547.2826,5663886.6002,NA,NA,56
1,PossMaster,1684758.0003,5663915.0004,NA,NA,56
1,PossMaster,1682316.8045,5664736.173,NA,NA,56
1,PossMaster,1682566.0021,5664491.001,NA,NA,56
1,PossMaster,1683319.7762,5664786.1132,NA,NA,56
1,PossMaster,1683828.8747,5664624.7649,NA,NA,56
1,PossMaster,1684723.0007,5664663.0002,NA,NA,56
1,PossMaster,1684717.0039,5665204.998,NA,NA,56
1,PossMaster,1685099.0014,5664877.0008,NA,NA,56
1,PossMaster,1685657.0041,5665012.0029,NA,NA,56
1,PossMaster,1681638.0027,5665550.0044,NA,NA,56
1,PossMaster,1682262.9997,5665507.9988,NA,NA,56
1,PossMaster,1682543.7654,5665005.4847,NA,NA,56
1,PossMaster,1683217.0022,5665409.0049,NA,NA,56
1,PossMaster,1684297.0004,5665781.0033,NA,NA,56
1,PossMaster,1685329.9962,5665474.0053,NA,NA,56
1,PossMaster,1681717.0038,5666206.004,NA,NA,56
1,PossMaster,1683294.4041,5665962.82,NA,NA,56
1,PossMaster,1685597.0032,5666159.0032,NA,NA,56
1,PossMaster,1684024.2419,5666472.0202,NA,NA,56
1,PossMaster,1683383.001,5667049.0006,NA,NA,56
1,PossMaster,1684309.0011,5667004.9943,NA,NA,56
1,PossMaster,1681577.0036,5666693.0053,NA,NA,56
1,PossMaster,1680855.0034,5666130.9992,NA,NA,56
1,PossMaster,1683862.9962,5662229.9955,NA,NA,56
1,PossMaster,1681866.6443,5665205.2174,NA,NA,56
1,PossMaster,1682424.1086,5662225.1651,NA,NA,56
1,PossMaster,1682704.0027,5665544.0031,NA,NA,56
1,PossMaster,1681158.0035,5666051.9968,NA,NA,56
1,PossMaster,1684448.3769,5665947.5115,NA,NA,56
1,PossMaster,1684857.0012,5666108.9986,NA,NA,56
1,PossMaster,1685317.0027,5666220.0029,NA,NA,56
1,PossMaster,1681288.0015,5666607.0042,NA,NA,56
1,PossMaster,1681669.6083,5666383.0814,NA,NA,56
1,PossMaster,1682182.468,5666546.6092,NA,NA,56
1,PossMaster,1684913.9979,5666426.0024,NA,NA,56
1,PossMaster,1682198.0017,5667087.0031,NA,NA,56
1,PossMaster,1682805.6525,5667071.4045,NA,NA,56
1,PossMaster,1682770.651,5667539.4051,NA,NA,56
1,PossMaster,1683325.6513,5667872.4135,NA,NA,56
1,PossMaster,1682363.2576,5667607.4563,NA,NA,56
1,PossMaster,1684764.056,5667294.8995,NA,NA,56
1,PossMaster,1684994.0171,5666905.9341,NA,NA,56
1,PossMaster,1681994.996,5663837.9956,NA,NA,56
1,PossMaster,1685570.0036,5663554.9992,NA,NA,56
1,PossMaster,1683692.9977,5667412.9969,NA,NA,56
1,PossMaster,1681677.9986,5662564.005,NA,NA,56
1,PossMaster,1682667.7959,5662851.5173,NA,NA,56
1,PossMaster,1684517.0668,5663043.3005,NA,NA,56
1,PossMaster,1681291.5175,5663452.5004,NA,NA,56
1,PossMaster,1683147.9992,5663350.9958,NA,NA,56
1,PossMaster,1682237.0011,5663989.0025,NA,NA,56
1,PossMaster,1684054.0017,5664560.0014,NA,NA,56
1,PossMaster,1685151.9965,5664492.997,NA,NA,56
1,PossMaster,1683260.0028,5665147.9997,NA,NA,56
1,PossMaster,1683866.0005,5665006.9972,NA,NA,56
1,PossMaster,1684936.4747,5665735.598,NA,NA,56
1,PossMaster,1685580.0023,5665382.998,NA,NA,56
1,PossMaster,1682813.9958,5666127.0022,NA,NA,56
1,PossMaster,1682835.6476,5666447.4051,NA,NA,56
1,PossMaster,1683337.0007,5666682.003,NA,NA,56
1,PossMaster,1684104.7119,5666478.476,NA,NA,56
1,PossMaster,1685058.9997,5666585.9995,NA,NA,56
1,PossMaster,1684763.4464,5666959.0666,NA,NA,56
1,PossMaster,1682797.6473,5667875.4065,NA,NA,56
1,PossMaster,1681831.0004,5666914.002,NA,NA,56
1,PossMaster,1680923.0028,5666288.0017,NA,NA,56
1,PossMaster,1680874.9974,5665979.0047,NA,NA,56
1,PossMaster,1681985.7612,5664490.022,NA,NA,56
1,PossMaster,1685513.0025,5663999.996,NA,NA,56
1,PossMaster,1680942.9959,5663135.9945,NA,NA,56
1,PossMaster,1683272.3743,5662198.8865,NA,NA,56
1,Sentinel,1684009.2684,5666852.3179,NA,NA,56
1,Sentinel,1682959.9969,5665054.9969,NA,NA,56
1,Sentinel,1684106.6493,5662903.2022,NA,NA,56
1,Sentinel,1682815.0026,5663329.9943,NA,NA,56
1,Sentinel,1682444.9971,5663284.9949,NA,NA,56
1,Sentinel,1682089.9961,5663340.0002,NA,NA,56
1,Sentinel,1683168.4654,5667926.5186,NA,NA,56
1,Sentinel,1683374.4429,5667958.0732,NA,NA,56
1,Sentinel,1685136.3045,5663089.5335,NA,NA,56
1,Sentinel,1681380.0018,5666009.9951,NA,NA,56
1,Sentinel,1682064.9957,5666134.9992,NA,NA,56
1,Sentinel,1682114.9987,5662671.0025,NA,NA,56
1,Sentinel,1683000.0013,5664070.0046,NA,NA,56
1,Sentinel,1681251,5666358.9946,NA,NA,56
1,Sentinel,1681197.9982,5666405.0047,NA,NA,56
1,Sentinel,1681050.9992,5666362.9956,NA,NA,56
1,Sentinel,1683391.3679,5667773.189,NA,NA,56
1,Sentinel,1684239.2961,5662041.4901,NA,NA,56
1,Sentinel,1685107.535,5662644.1064,NA,NA,56
1,Sentinel,1685045.0001,5665305.0004,NA,NA,56
1,Sentinel,1682980.6519,5666809.407,NA,NA,56
1,Sentinel,1683555.0012,5665774.9947,NA,NA,56
1,Sentinel,1684885.0008,5664279.9946,NA,NA,56
1,Sentinel,1683960.0009,5663955.0022,NA,NA,56
1,Sentinel,1684506.719,5663326.9773,NA,NA,56
1,Sentinel,1683565.0017,5666505.0012,NA,NA,56
1,Sentinel,1681394.0009,5666263.0045,NA,NA,56
1,Sentinel,1683279.1904,5667771.2908,NA,NA,56
1,Sentinel,1684765.5461,5662069.6635,NA,NA,56
1,Sentinel,1685589.9979,5665772.9989,NA,NA,56
1,Sentinel,1682535.6455,5666324.4068,NA,NA,56
1,Sentinel,1683544.9973,5665424.9949,NA,NA,56
1,Sentinel,1681615.0008,5663340.0019,NA,NA,56
1,Sentinel,1681350.9996,5666369.0012,NA,NA,56
1,Sentinel,1681749.9987,5662564.9963,NA,NA,56
1,Sentinel,1681228.8133,5663045.7871,NA,NA,56
1,Sentinel,1681763.0749,5663034.0133,NA,NA,56
1,Sentinel,1682233.5482,5663060.0545,NA,NA,56
1,Sentinel,1683259.3809,5663026.5761,NA,NA,56
1,Sentinel,1683742.0385,5663027.9795,NA,NA,56
1,Sentinel,1684728.6063,5663058.3761,NA,NA,56
1,Sentinel,1680783.0525,5663513.999,NA,NA,56
1,Sentinel,1682259.1022,5663560.3502,NA,NA,56
1,Sentinel,1682705.066,5663610.1511,NA,NA,56
1,Sentinel,1683206.1824,5663524.784,NA,NA,56
1,Sentinel,1683738.6363,5663542.1232,NA,NA,56
1,Sentinel,1684730.0026,5664020.0006,NA,NA,56
1,Sentinel,1683848.7852,5665556.3281,NA,NA,56
1,Sentinel,1683946.956,5666110.0929,NA,NA,56
1,Sentinel,1682729.4398,5666521.0134,NA,NA,56
1,Sentinel,1682754.4017,5662046.6571,NA,NA,56
1,Sentinel,1682169.0007,5662500.999,NA,NA,56
1,Sentinel,1682744.1949,5662542.5414,NA,NA,56
1,Sentinel,1683150.1004,5662499.3872,NA,NA,56
1,Sentinel,1682707.5403,5664008.2456,NA,NA,56
1,Sentinel,1684300.0193,5664092.4724,NA,NA,56
1,Sentinel,1685226.8637,5663981.2483,NA,NA,56
1,Sentinel,1682305.0011,5664529.9956,NA,NA,56
1,Sentinel,1682754.9979,5664467.9971,NA,NA,56
1,Sentinel,1683263.1071,5664621.131,NA,NA,56
1,Sentinel,1683745.0029,5664554.9963,NA,NA,56
1,Sentinel,1685274.9834,5664525.5855,NA,NA,56
1,Sentinel,1685658.8343,5664556.4654,NA,NA,56
1,Sentinel,1682197.9969,5665159.9963,NA,NA,56
1,Sentinel,1684853.9981,5665022.0024,NA,NA,56
1,Sentinel,1685221.0753,5665038.0538,NA,NA,56
1,Sentinel,1685693.0607,5665142.2338,NA,NA,56
1,Sentinel,1681766.9956,5665579.2931,NA,NA,56
1,Sentinel,1682245.3603,5665535.7758,NA,NA,56
1,Sentinel,1682725.6063,5665531.7217,NA,NA,56
1,Sentinel,1685313.8722,5665537.6119,NA,NA,56
1,Sentinel,1683292.7725,5666024.9746,NA,NA,56
1,Sentinel,1681722.4951,5666541.3668,NA,NA,56
1,Sentinel,1682234.6003,5666545.0035,NA,NA,56
1,Sentinel,1683302.9064,5666617.8488,NA,NA,56
1,Sentinel,1684753.9982,5666564.9949,NA,NA,56
1,Sentinel,1685180.4396,5666479.2813,NA,NA,56
1,Sentinel,1682219.2407,5667017.2014,NA,NA,56
1,Sentinel,1682376.6589,5667457.5084,NA,NA,56
1,Sentinel,1684781.9792,5667359.4037,NA,NA,56
1,Sentinel,1685082.887,5666938.7233,NA,NA,56
1,Sentinel,1681898.2789,5666921.6683,NA,NA,56
1,Sentinel,1685514.3476,5666320.87,NA,NA,56
1,Sentinel,1680946.6185,5666369.7231,NA,NA,56
1,Sentinel,1683762.6721,5662558.2693,NA,NA,56
1,Sentinel,1684269.6553,5663024.7629,NA,NA,56
1,Sentinel,1681255.6013,5663504.6726,NA,NA,56
1,Sentinel,1685176.9819,5663541.3792,NA,NA,56
1,Sentinel,1683744.982,5664135.8532,NA,NA,56
1,Sentinel,1684191.194,5664606.6653,NA,NA,56
1,Sentinel,1684745.4204,5664545.3076,NA,NA,56
1,Sentinel,1682677.9961,5665197.0021,NA,NA,56
1,Sentinel,1684235.0379,5665084.4512,NA,NA,56
1,Sentinel,1683199.0604,5665514.6134,NA,NA,56
1,Sentinel,1685682.9494,5665521.5997,NA,NA,56
1,Sentinel,1681751.3468,5666043.1099,NA,NA,56
1,Sentinel,1684234.7871,5665994.2865,NA,NA,56
1,Sentinel,1685216.1585,5666072.3169,NA,NA,56
1,Sentinel,1681263.0906,5666544.143,NA,NA,56
1,Sentinel,1683824.7152,5666510.4092,NA,NA,56
1,Sentinel,1683760.0397,5667057.9468,NA,NA,56
1,Sentinel,1684210.3296,5667081.3818,NA,NA,56
1,Sentinel,1682742.9064,5667543.6379,NA,NA,56
1,Sentinel,1682746.2847,5667872.1303,NA,NA,56
1,Sentinel,1683241.4652,5667877.103,NA,NA,56
1,Sentinel,1681421.3515,5666820.5286,NA,NA,56
1,Sentinel,1680897.9907,5666087.6475,NA,NA,56
1,Sentinel,1681368.9969,5665631.6034,NA,NA,56
1,Sentinel,1685582.0657,5664125.4387,NA,NA,56
1,Sentinel,1681852.0746,5663987.0395,NA,NA,56
1,Sentinel,1680849.9494,5663163.6425,NA,NA,56
1,Sentinel,1681444.9403,5662753.9712,NA,NA,56
1,Sentinel,1683908.0029,5662131.997,NA,NA,56
1,Sentinel,1682347.9154,5662237.6385,NA,NA,56
1,Sentinel,1684222.7418,5662518.1513,NA,NA,56
1,Sentinel,1684718.0918,5662537.6707,NA,NA,56
1,Sentinel,1682662.0346,5662921.7186,NA,NA,56
1,Sentinel,1681817.9111,5663569.8536,NA,NA,56
1,Sentinel,1684088.4849,5663522.1714,NA,NA,56
1,Sentinel,1684765.8592,5663519.4223,NA,NA,56
1,Sentinel,1682235.3325,5664036.6345,NA,NA,56
1,Sentinel,1683313.3388,5664038.8985,NA,NA,56
1,Sentinel,1683302.8519,5665084.4245,NA,NA,56
1,Sentinel,1683777.4831,5665050.6195,NA,NA,56
1,Sentinel,1684225.9987,5665541.9944,NA,NA,56
1,Sentinel,1684656.8604,5665520.9986,NA,NA,56
1,Sentinel,1682744.4252,5666042.1483,NA,NA,56
1,Sentinel,1684746.0036,5666026.0018,NA,NA,56
1,Sentinel,1685744.2469,5666053.6848,NA,NA,56
1,Sentinel,1684254.3028,5666590.6643,NA,NA,56
1,Sentinel,1682748.1066,5667020.6016,NA,NA,56
1,Sentinel,1683263.6147,5667028.7147,NA,NA,56
1,Sentinel,1684767.9915,5667034.593,NA,NA,56
1,Sentinel,1683259.1041,5667535.5124,NA,NA,56
1,Sentinel,1682454.912,5667823.5472,NA,NA,56
1,Sentinel,1680931.5491,5665814.0467,NA,NA,56
1,Sentinel,1681954.2397,5664463.3533,NA,NA,56
1,Sentinel,1685520.0025,5663639.9982,NA,NA,56
1,Sentinel,1683692.9231,5667458.6699,NA,NA,56
1,Sentinel,1681863.3347,5665152.4108,NA,NA,56
1,Sentinel,1683213.9008,5662155.6809,NA,NA,56
1,AT220,1682874.3,5670187.1,NA,NA,56
1,AT220,1685615,5666775,NA,NA,56
1,AT220,1685865,5666700,NA,NA,56
1,AT220,1685255,5666960,NA,NA,56
1,AT220,1684915,5667175,NA,NA,56
1,AT220,1684385,5667300,NA,NA,56
1,AT220,1684085,5667440,NA,NA,56
1,AT220,1683835,5667585,NA,NA,56
1,AT220,1683045,5667965,NA,NA,56
1,AT220,1683560,5667795,NA,NA,56
1,AT220,1682700,5667885,NA,NA,56
1,AT220,1682305,5667765,NA,NA,56
1,AT220,1682085,5667440,NA,NA,56
1,AT220,1681820,5667080,NA,NA,56
1,AT220,1681455,5666905,NA,NA,56
1,AT220,1681055,5666580,NA,NA,56
1,AT220,1680705,5666380,NA,NA,56
1,AT220,1680775,5665960,NA,NA,56
1,AT220,1681215,5665640,NA,NA,56
1,AT220,1681280,5665180,NA,NA,56
1,AT220,1681920,5664915,NA,NA,56
1,AT220,1681855,5664420,NA,NA,56
1,AT220,1680940,5664480,NA,NA,56
1,AT220,1681755,5664115,NA,NA,56
1,AT220,1681260,5663735,NA,NA,56
1,AT220,1680855,5663665,NA,NA,56
1,AT220,1679985,5664215,NA,NA,56
1,AT220,1679760,5665375,NA,NA,56
1,AT220,1680055,5664695,NA,NA,56
1,AT220,1681540,5667645,NA,NA,56
1,AT220,1682015,5668385,NA,NA,56
1,AT220,1682815,5668665,NA,NA,56
1,AT220,1685500,5668440,NA,NA,56
1,AT220,1684825,5668845,NA,NA,56
1,AT220,1683375,5669465,NA,NA,56
1,AT220,1685760,5668005,NA,NA,56
1,AT220,1685815,5667675,NA,NA,56
1,AT220,1684645,5667695,NA,NA,56
1,AT220,1685795,5667325,NA,NA,56
1,AT220,1685900,5666985,NA,NA,56
1,AT220,1685260,5667405,NA,NA,56
1,AT220,1680471.3,5663385.5,NA,NA,56
1,AT220,1679708.1,5665732,NA,NA,56
1,AT220,1682852,5670130.3,NA,NA,56
1,AT220,1679408.3,5665926.5,NA,NA,56
1,AT220,1681507.6,5667672,NA,NA,56
1,AT220,1681490,5667692.9,NA,NA,56
1,AT220,1681744.2,5665184.7,NA,NA,56
1,AT220,1680555.6,5668569.3,NA,NA,56
1,AT220,1680750.8,5669671.6,NA,NA,56
1,AT220,1683072,5669058.2,NA,NA,56
1,AT220,1679771.6,5669040.7,NA,NA,56
1,AT220,1681876,5668610.2,NA,NA,56
1,AT220,1680030.9,5669338.6,NA,NA,56
1,AT220,1679134.9,5667137.1,NA,NA,56
1,AT220,1682899.6,5669897.5,NA,NA,56
1,AT220,1681687.6,5665197,NA,NA,56
1,AT220,1680584,5669648.4,NA,NA,56
1,AT220,1680815.6,5669659.2,NA,NA,56
1,AT220,1683003.8,5669191,NA,NA,56
1,AT220,1681644.2,5669599.4,NA,NA,56
1,AT220,1679470.3,5666524.4,NA,NA,56
1,AT220,1679192.8,5668461,NA,NA,56
1,AT220,1679149.8,5666561.4,NA,NA,56
1,AT220,1679122.1,5666938.3,NA,NA,56
1,AT220,1679270,5667559.2,NA,NA,56
1,AT220,1681236.8,5667230.9,NA,NA,56
1,AT220,1679856.4,5667139.7,NA,NA,56
1,AT220,1682998.7,5668986.6,NA,NA,56
1,AT220,1680089.5,5668596.6,NA,NA,56
1,AT220,1683337.4,5669195.1,NA,NA,56
1,Camera,1680091.685,5668600.376,NA,NA,56
1,Camera,1682312.024,5669880.963,NA,NA,56
1,Camera,1680565.035,5668580.325,NA,NA,56
1,Camera,1680916.594,5669416.889,NA,NA,56
1,Camera,1680920.006,5669680.784,NA,NA,56
1,Camera,1682796.187,5669231.248,NA,NA,56
1,Camera,1680865.802,5669647.713,NA,NA,56
1,Camera,1680846.77,5669697.077,NA,NA,56
1,Camera,1680754.062,5669669.507,NA,NA,56
1,Camera,1685839.394,5667316.826,NA,NA,56
1,Camera,1680771.364,5665917.697,NA,NA,56
1,Camera,1680737.829,5666219.377,NA,NA,56
1,Camera,1681267.09,5665145.862,NA,NA,56
1,Camera,1681942.706,5664408.518,NA,NA,56
1,Camera,1681941.729,5664579.563,NA,NA,56
1,Camera,1681801.435,5664093.563,NA,NA,56
1,Camera,1681432.846,5663684.633,NA,NA,56
1,Camera,1680935.016,5663530.855,NA,NA,56
1,Camera,1680531.632,5663410.926,NA,NA,56
1,Camera,1684729.861,5667391.599,NA,NA,56
1,Camera,1685782.42,5666833.531,NA,NA,56
1,Camera,1684488.137,5667186.211,NA,NA,56
1,Camera,1683949.35,5667028.064,NA,NA,56
1,Camera,1683740.279,5667336.187,NA,NA,56
1,Camera,1682336.48,5667597.444,NA,NA,56
1,Camera,1682079.247,5667283.71,NA,NA,56
1,Camera,1681832.427,5667005.153,NA,NA,56
1,Camera,1682661.208,5667916.008,NA,NA,56
1,Camera,1683013.306,5667869.449,NA,NA,56
1,Camera,1683457.83,5667679.158,NA,NA,56
1,Camera,1685316.7,5666734.724,NA,NA,56
1,Camera,1685229.622,5666921.469,NA,NA,56
1,Camera,1682614.322,5669505.642,NA,NA,56
1,Camera,1682715.314,5669449.084,NA,NA,56
1,Camera,1682963.415,5669797.968,NA,NA,56
1,Camera,1684944.812,5667190.824,NA,NA,56
1,Camera,1682912.429,5669636.685,NA,NA,56
1,Camera,1680419.712,5668689.363,NA,NA,56
1,Camera,1680551.663,5668574.58,NA,NA,56
1,Camera,1683036.735,5669038.028,NA,NA,56
1,Camera,1682935.147,5668971.953,NA,NA,56
1,Camera,1682964.283,5669053.888,NA,NA,56
1,Camera,1682949.777,5669031.067,NA,NA,56
1,Camera,1685383.829,5667383.398,NA,NA,56
1,Camera,1682854.835,5670135.3,NA,NA,56
1,Camera,1680443.53,5668972.028,NA,NA,56
1,Camera,1679849.589,5667194.626,NA,NA,56
1,Camera,1679855.782,5667140.734,NA,NA,56
1,Camera,1679878.015,5667091.783,NA,NA,56
1,Camera,1683340.177,5669191.972,NA,NA,56
1,Camera,1680574.298,5668606.867,NA,NA,56
1,Camera,1681448.04,5666868.754,NA,NA,56
1,Camera,1681118.763,5666560.954,NA,NA,56
1,Camera,1681272.342,5665685.77,NA,NA,56
